accession_number,status_code,improvement_status_code,topname,taxon,site_short_name,latitude,longitude,elevation_meters,environment_description,collector_verbatim_locality,formatted_locality
GVIT 1303,INACTIVE,WILD,V. aestivalis (bicolor),Vitis aestivalis var. bicolor,SYS,,,,,,
GVIT 986,INACTIVE,WILD,Remaily 14-77,Vitis aestivalis var. bicolor,SYS,,,,,,
PI 483129,INACTIVE,WILD,27-0-3,Vitis aestivalis var. bicolor,SYS,,,,,"Connor Property, Carversville Rd, Solebury township, Bucks Co., PA",
PI 483132,INACTIVE,WILD,Nov-76,Vitis aestivalis var. bicolor,SYS,,,,,"Junction Green hill and Carversville Road, Solebury Township, Bucks County, PA",
PI 483139,INACTIVE,WILD,50-1976-77,Vitis aestivalis var. bicolor,SYS,,,,,"Hometown, Route 54, Carbon County, Pennsylvania",
PI 588445 .b,INACTIVE,WILD,TX 3375,Vitis cinerea var. helleri,DAV,,,,,,
PI 597273,INACTIVE,CULTIVATED,"DVIT 1639, E2-11, F2-21",Vitis cinerea var. helleri,DAV,,,,,,
DVIT 1146,INACTIVE,UNCERTAIN,DVIT 1146,Vitis palmata,DAV,,,,,,
DVIT 1160,ACTIVE,UNCERTAIN,DVIT 1160,Vitis ficifolia,DAV,,,,,,
DVIT 2916,ACTIVE,BREEDING,Jackson Sel. #3,Vitis vinifera subsp. vinifera,DAV,,,,,,
DVIT 2947,ACTIVE,WILD,4428,Vitis rotundifolia var. munsoniana,DAV,,,,dry; mesic; vining 20ft. on water oak,"Marion Florida; in Ocala, west side 441, 35.5 miles south of intersection with 441 and southeast 35 B, 1.0 miles north of intersection between 441 and southeast 59 St.",
DVIT 2758,ACTIVE,UNCERTAIN,DVIT 2758,Vitis vinifera subsp. vinifera,DAV,,,,,,
DVIT 2865,ACTIVE,BREEDING,Olmo n4-59,Vitis vinifera subsp. vinifera,DAV,,,,,,
DVIT 2751,ACTIVE,BREEDING,Olmo 25F,Vitis vinifera subsp. vinifera,DAV,,,,,,
PI 293122,ACTIVE,,b 44-52 M55,Vitis cinerea var. helleri,DAV,,,549,,"Valley at base of grade, Sierra Anuhuac, Mesa de Chipinique, Monterrey, Nuevo Leon. Fruit ripe.",
DVIT 2435,ACTIVE,CULTIVATED,Barrett Mn-1,Vitis rotundifolia var. munsoniana,DAV,,,,,,
DVIT 2480,ACTIVE,BREEDING,CG 1481 4x,Vitis vinifera subsp. vinifera,DAV,,,,,,
PI 200563,ACTIVE,,Rougitza Rouge,Vitis vinifera subsp. vinifera,DAV,,,,,,
DVIT 2630,ACTIVE,CULTIVATED,Agawam,Vitis vinifera subsp. vinifera,DAV,,,,,,
DVIT 2637,ACTIVE,CULTIVATED,Goyura,Vitis vinifera subsp. vinifera,DAV,,,,,,
DVIT 2639,ACTIVE,CULTIVATED,Kecskemet,Vitis vinifera subsp. vinifera,DAV,,,,,,
DVIT 2656,ACTIVE,CULTIVATED,Taminga,Vitis vinifera subsp. vinifera,DAV,,,,,,
DVIT 2669,ACTIVE,CULTIVATED,Dan Ben Hanna,Vitis vinifera subsp. vinifera,DAV,,,,,,
DVIT 2672,ACTIVE,CULTIVATED,Ezerfuertu,Vitis vinifera subsp. vinifera,DAV,,,,,,
DVIT 2684,ACTIVE,CULTIVATED,Ranny Vira,Vitis vinifera subsp. vinifera,DAV,,,,,,
DVIT 2690,ACTIVE,CULTIVATED,Zifir,Vitis vinifera subsp. vinifera,DAV,,,,,,
DVIT 2692,ACTIVE,CULTIVATED,Zweigelt-rebe,Vitis vinifera subsp. vinifera,DAV,,,,,,
DVIT 2702,ACTIVE,CULTIVATED,Suputinsky Bietyz,Vitis vinifera subsp. vinifera,DAV,,,,,,
DVIT 2704,ACTIVE,CULTIVATED,Reflex (RF5),Vitis vinifera subsp. vinifera,DAV,,,,,,
DVIT 2719,ACTIVE,CULTIVATED,Marsh,Vitis rotundifolia var. munsoniana,DAV,,,,,,
DVIT 2901,ACTIVE,CULTIVATED,Princess,Vitis vinifera subsp. vinifera,DAV,,,,,,
DVIT 2905,ACTIVE,CULTIVATED,Balta,Vitis vinifera subsp. vinifera,DAV,,,,,,
DVIT 2977,ACTIVE,WILD,15-4-3,Vitis palmata,DAV,,,,At the edge of a swamp.,St. Martin Parish.  160 yards west of boat ramp on the south side at the Butte LA Rose Exit of Hwy 10.,
GVIT 909,INACTIVE,WILD,Remaily 57-77,Vitis aestivalis var. bicolor,SYS,,,,,,
PI 483135,INACTIVE,WILD,34-1976,Vitis aestivalis var. bicolor,SYS,,,,,"Uhlerstown, Route 32, Bucks County, Pennsylvania",
PI 483141,INACTIVE,WILD,55-1976-77,Vitis aestivalis var. bicolor,SYS,,,,,"Hometown, Route 54, Carbon County, Pennsylvania",
DVIT 1273,ACTIVE,UNCERTAIN,DVIT 1273,Vitis cinerea var. helleri,DAV,,,,,,
GVIT 1188,INACTIVE,WILD,V. jacquemontii,Vitis jacquemontii,DAV,,,,,,
DVIT 2914,ACTIVE,CULTIVATED,HFV J10 v13-14,Vitis vinifera subsp. vinifera,DAV,,,,,,
DVIT 2918,ACTIVE,CULTIVATED,Kandhar,Vitis vinifera subsp. vinifera,DAV,,,,,,
DVIT 2922,ACTIVE,CULTIVATED,Oddball,Vitis vinifera subsp. vinifera,DAV,,,,,,
DVIT 2944,INACTIVE,WILD,3375,Vitis cinerea var. helleri,DAV,,,,mesic; 15 feet on celtis/fence row,"Burnet Co., TX, 9.9 miles north of Burnet on east side of Hwy 281, 9.6 miles south of Lampasas",
DVIT 2750,ACTIVE,BREEDING,Olmo 19-25 D,Vitis vinifera subsp. vinifera,DAV,,,,,,
DVIT 2753,ACTIVE,BREEDING,Olmo 672,Vitis vinifera subsp. vinifera,DAV,,,,,,
DVIT 2755,ACTIVE,BREEDING,Persian R27,Vitis vinifera subsp. vinifera,DAV,,,,,,
PI 293111,ACTIVE,,b 41-23 M23,Vitis cinerea var. helleri,DAV,,,,,Rain forest 5.5 miles west of Naranjo San Luis Potosi.,
PI 293118,ACTIVE,,b 44-21 M51,Vitis cinerea var. helleri,DAV,,,1189,,"Dry pine-oak forest, Sierra Anahuac, Mesa de Chipinque, Monterrey, Nuevo Leon.",
PI 98189,ACTIVE,,Muscat De Pantellana,Vitis vinifera subsp. vinifera,DAV,,,,,,
PI 344495,ACTIVE,,Ladyfinger Mutant of Thompson Seedless,Vitis vinifera subsp. vinifera,DAV,,,,,,
DVIT 2508,ACTIVE,CULTIVATED,Ishkin,Vitis vinifera subsp. vinifera,DAV,36.08333333,74.13333333,1700,River valley in mountains.  Growing over tree on farm.  Terraced slope.  Soil texture:  silt.,"Gulapore (Punial Valley), Gilgit",
DVIT 2602,ACTIVE,CULTIVATED,Spin Ugad,Vitis vinifera subsp. vinifera,DAV,,,,,,
DVIT 2604,ACTIVE,CULTIVATED,Schwin,Vitis vinifera subsp. vinifera,DAV,,,,,,
DVIT 2633,ACTIVE,CULTIVATED,Dan Ben Chana,Vitis vinifera subsp. vinifera,DAV,,,,,,
DVIT 2635,ACTIVE,CULTIVATED,Doradillo,Vitis vinifera subsp. vinifera,DAV,,,,,,
DVIT 2649,ACTIVE,CULTIVATED,Pinger,Vitis vinifera subsp. vinifera,DAV,,,,,,
DVIT 2651,ACTIVE,CULTIVATED,Robin,Vitis vinifera subsp. vinifera,DAV,,,,,,
DVIT 2658,ACTIVE,CULTIVATED,Tarrango II,Vitis vinifera subsp. vinifera,DAV,,,,,,
DVIT 2660,ACTIVE,CULTIVATED,Teltfurtu,Vitis vinifera subsp. vinifera,DAV,,,,,,
DVIT 2666,ACTIVE,CULTIVATED,Arnsburger,Vitis vinifera subsp. vinifera,DAV,,,,,,
DVIT 2676,ACTIVE,CULTIVATED,Heroldrebe,Vitis vinifera subsp. vinifera,DAV,,,,,,
DVIT 2682,ACTIVE,CULTIVATED,Merlot,Vitis vinifera subsp. vinifera,DAV,,,,,,
DVIT 2701,ACTIVE,CULTIVATED,Agria,Vitis vinifera subsp. vinifera,DAV,,,,,,
DVIT 2730,ACTIVE,CULTIVATED,Chamo,Vitis vinifera subsp. vinifera,DAV,,,,,,
DVIT 2677,ACTIVE,CULTIVATED,Itchkimar,Vitis vinifera subsp. vinifera,DAV,,,,,,
DVIT 2429,INACTIVE,CULTIVATED,Victoria's Choice 4x,Vitis vinifera subsp. vinifera,DAV,,,,,,
PI 30045,INACTIVE,,At-Barre,Vitis vinifera subsp. vinifera,DAV,,,,,,
DVIT 2746,ACTIVE,BREEDING,Fresno 32-68,Vitis vinifera subsp. vinifera,DAV,,,,,,
GVIT 1349,INACTIVE,CULTIVATED,Indian Creek 8C,Vitis cinerea var. helleri,DAV,,,,,,
DVIT 1592,ACTIVE,CULTIVATED,Mazade,Vitis cinerea var. helleri,DAV,,,,,,
DVIT 1603,ACTIVE,CULTIVATED,Ressequier #2,Vitis cinerea var. helleri,DAV,,,,,,
DVIT 2227,ACTIVE,WILD,DVIT 2227,Vitis palmata,DAV,,,,,,
DVIT 2246,ACTIVE,WILD,DVIT 2246,Vitis rotundifolia var. munsoniana,DAV,,,,,,
MIA 25238,INACTIVE,WILD,MIA 25238,Vitis rotundifolia var. rotundifolia,DAV,,,,,,
PI 483142,INACTIVE,WILD,27-1-71,Vitis aestivalis var. bicolor,SYS,,,,,"Hometown, Route 54, Carbon County, Pennsylvania",
PI 483144,INACTIVE,WILD,27-1-22,Vitis aestivalis var. bicolor,SYS,,,,,,
GVIT 1058,INACTIVE,WILD,V. bicolor/aestivalis,Vitis aestivalis var. bicolor,SYS,,,,,,
PI 483134,INACTIVE,WILD,31-1976,Vitis aestivalis var. bicolor,SYS,,,,,,
PI 483136,INACTIVE,WILD,27-0-64,Vitis aestivalis var. bicolor,SYS,,,,,"Joanna, Route 82, Berks County, Pennsylvania",
GVIT 782,INACTIVE,WILD,GVIT 782,Vitis cinerea var. helleri,DAV,,,,,,
GVIT 784,INACTIVE,WILD,V. berlandieri,Vitis cinerea var. helleri,DAV,,,,,,
GVIT 1347,INACTIVE,CULTIVATED,Lafont 9C,Vitis cinerea var. helleri,DAV,,,,,,
GVIT 1351,INACTIVE,CULTIVATED,GVIT 1351,Vitis cinerea var. helleri,DAV,,,,,,
DVIT 1590,ACTIVE,CULTIVATED,7651,Vitis cinerea var. helleri,DAV,,,,,,
DVIT 1602,ACTIVE,CULTIVATED,La Font #9,Vitis cinerea var. helleri,DAV,,,,,,
DVIT 1639,ACTIVE,WILD,B65-7,Vitis cinerea var. helleri,DAV,,,,,,
DVIT 1641,ACTIVE,WILD,RU66-1,Vitis palmata,DAV,,,,,,
DVIT 1685,ACTIVE,CULTIVATED,La Font 9C,Vitis cinerea var. helleri,DAV,,,,,,
DVIT 1696,ACTIVE,BREEDING,Olmo (U67-2),Vitis rotundifolia var. munsoniana,DAV,,,,,,
DVIT 1708,ACTIVE,BREEDING,Olmo (U68-23),Vitis rotundifolia var. munsoniana,DAV,,,,,,
DVIT 2213,ACTIVE,WILD,DVIT 2213,Vitis blancoi,DAV,,,,,,
MIA 24368,INACTIVE,,JOHN & CARL'S,Vitis rotundifolia var. rotundifolia,DAV,,,,,,
PI 293116,INACTIVE,,Col. No. 49,Vitis cinerea var. helleri,DAV,,,1355,,"Dry pine-oak forest, Sierra Anahuac",
PI 293120,INACTIVE,,Col. No. 53,Vitis cinerea var. helleri,DAV,,,,,"Lower edge of pine forest, Sierra Anahuac, lower limit of pine zone",
DVIT 3398,ACTIVE,WILD,TX2006-16-5,Vitis cinerea var. helleri,DAV,,,,,,
DVIT 3500,ACTIVE,WILD,TX2006-52-1,Vitis mustangensis,DAV,,,,,,
DVIT 3583,ACTIVE,WILD,TX2006-21-1,Vitis mustangensis,DAV,,,,,,
DVIT 8004,ACTIVE,CULTIVAR,Alicante Bouschet,Vitis vinifera subsp. vinifera,DAV,,,,,,
DVIT 8006,ACTIVE,CULTIVAR,Almeria,Vitis vinifera subsp. vinifera,DAV,,,,,,
DVIT 8012,ACTIVE,CULTIVAR,Autumn Seedless,Vitis vinifera subsp. vinifera,DAV,,,,,,
DVIT 8014,ACTIVE,CULTIVAR,Barlinka,Vitis vinifera subsp. vinifera,DAV,,,,,,
DVIT 8021,ACTIVE,CULTIVAR,Burger,Vitis vinifera subsp. vinifera,DAV,,,,,,
DVIT 8029,ACTIVE,CULTIVAR,Carignane,Vitis vinifera subsp. vinifera,DAV,,,,,,
DVIT 8031,ACTIVE,CULTIVAR,Castelao,Vitis vinifera subsp. vinifera,DAV,,,,,,
DVIT 8036,ACTIVE,CULTIVAR,Chenin Blanc,Vitis vinifera subsp. vinifera,DAV,,,,,,
DVIT 8038,ACTIVE,CULTIVAR,Clairette Blanche,Vitis vinifera subsp. vinifera,DAV,,,,,,
DVIT 8046,ACTIVE,CULTIVAR,Delight,Vitis vinifera subsp. vinifera,DAV,,,,,,
GVIT 1352,INACTIVE,CULTIVATED,Ressequier #1,Vitis cinerea var. helleri,DAV,,,,,,
DVIT 1601,ACTIVE,CULTIVATED,ILL.133-1,Vitis cinerea var. helleri,DAV,,,,,,
DVIT 1677,ACTIVE,BREEDING,Barrett 65-20,Vitis cinerea var. helleri,DAV,,,,,,
DVIT 1695,ACTIVE,BREEDING,Olmo (U66-55),Vitis rotundifolia var. munsoniana,DAV,,,,,,
DVIT 1697,ACTIVE,BREEDING,Olmo (U67-12),Vitis rotundifolia var. munsoniana,DAV,,,,,,
PI 483140,INACTIVE,WILD,27-2-1,Vitis aestivalis var. bicolor,SYS,,,,,,
GVIT 928,INACTIVE,CULTIVATED,V. argentifolia (GBC 17),Vitis aestivalis var. bicolor,SYS,,,,,,
PI 483131,INACTIVE,WILD,Sep-76,Vitis aestivalis var. bicolor,SYS,,,,,"Junction Green hill and Carversville Road, Solebury Township, Bucks County, PA",
GVIT 786,INACTIVE,WILD,V. berlandieri,Vitis cinerea var. helleri,DAV,,,,,,
GVIT 804,INACTIVE,WILD,V. palmata (rubra),Vitis palmata,DAV,,,,,,
DVIT 1132,INACTIVE,UNCERTAIN,DVIT 1132,Vitis cinerea var. helleri,DAV,,,,,,
DVIT 1133,ACTIVE,CULTIVATED,Lenoir,Vitis x bourquiniana,DAV,,,,,,
GVIT 1182,INACTIVE,WILD,V. jacquemontii glabra,Vitis jacquemontii,DAV,,,,,,
GVIT 1259,INACTIVE,CULTIVATED,Ill 133-1,Vitis cinerea var. helleri,DAV,,,,,,
DVIT 1593,ACTIVE,CULTIVATED,Ressequier #1,Vitis cinerea var. helleri,DAV,,,,,,
DVIT 2228,ACTIVE,WILD,DVIT 2228,Vitis palmata,DAV,,,,,,
DVIT 2235,ACTIVE,WILD,DVIT 2235,Vitis nesbittiana,DAV,,,,,,
DVIT 2242,ACTIVE,WILD,DVIT 2242,Vitis rotundifolia var. munsoniana,DAV,,,,,,
DVIT 2245,ACTIVE,WILD,DVIT 2245,Vitis rotundifolia var. munsoniana,DAV,,,,,,
DVIT 2247,INACTIVE,WILD,DVIT 2247,Vitis rotundifolia var. munsoniana,DAV,,,,,,
DVIT 2402,INACTIVE,WILD,DVIT 2402,Vitis rotundifolia var. munsoniana,DAV,26.75,-80.08333333,,Associated flora = pepperberry and fern.  Soil = white sand.,"On Juego Circle next to Bldg. 33B in Boca Lago.  Boca Raton, FL.",
PI 293112,INACTIVE,,Col. No. 28,Vitis cinerea var. helleri,DAV,,,,,"Near summit, 21km west of Naranjo",
PI 293114,INACTIVE,,Col. No. 47,Vitis cinerea var. helleri,DAV,,,,,"Dry, pine-oak forest, Sierra Anahuac",
DVIT 3502,ACTIVE,WILD,TX2006-27-1,Vitis mustangensis,DAV,,,,,,
DVIT 3504,ACTIVE,WILD,TX2006-3-2,Vitis palmata,DAV,,,,,,
DVIT 3586,ACTIVE,WILD,TX2006-39-1,Vitis mustangensis,DAV,,,,,,
DVIT 3588,ACTIVE,WILD,TX2006-64-5,Vitis mustangensis,DAV,,,,,,
DVIT 8001,ACTIVE,CULTIVAR,Aglianico,Vitis vinifera subsp. vinifera,DAV,,,,,,
DVIT 8008,ACTIVE,CULTIVAR,Arnsberger,Vitis vinifera subsp. vinifera,DAV,,,,,,
DVIT 8010,ACTIVE,CULTIVAR,Autumn Black,Vitis vinifera subsp. vinifera,DAV,,,,,,
DVIT 8016,ACTIVE,CULTIVAR,Bien Donne,Vitis vinifera subsp. vinifera,DAV,,,,,,
DVIT 8018,ACTIVE,CULTIVAR,Blackrose,Vitis vinifera subsp. vinifera,DAV,,,,,,
DVIT 8023,ACTIVE,CULTIVAR,Cabernet Franc,Vitis vinifera subsp. vinifera,DAV,,,,,,
DVIT 8025,ACTIVE,CULTIVAR,Calmeria,Vitis vinifera subsp. vinifera,DAV,,,,,,
DVIT 8027,ACTIVE,CULTIVAR,Canner,Vitis vinifera subsp. vinifera,DAV,,,,,,
DVIT 8034,ACTIVE,CULTIVAR,Chardonnay,Vitis vinifera subsp. vinifera,DAV,,,,,,
DVIT 8040,ACTIVE,CULTIVAR,Cornifesto,Vitis vinifera subsp. vinifera,DAV,,,,,,
DVIT 8043,ACTIVE,CULTIVAR,Crimson Seedless,Vitis vinifera subsp. vinifera,DAV,,,,,,
DVIT 8048,ACTIVE,CULTIVAR,Dizmar,Vitis vinifera subsp. vinifera,DAV,,,,,,
PI 11490,INACTIVE,,,Vitis rotundifolia var. rotundifolia,DAV,,,,,,
PI 293121,ACTIVE,,b 44-44 M54,Vitis cinerea var. helleri,DAV,,,762,,"Lower edge of pine forest, Sierra ANahuac, Mesa de Chipinque, Monterrey, Nuevo Leon",
PI 200575,ACTIVE,,30-May,Vitis vinifera subsp. vinifera,DAV,,,,,,
PI 319205,ACTIVE,,Malta Seedless,Vitis vinifera subsp. vinifera,DAV,,,,,,
DVIT 2436,ACTIVE,CULTIVATED,Thornhill,Vitis rotundifolia var. munsoniana,DAV,,,,,,
PI 364293,ACTIVE,,Batta,Vitis vinifera subsp. vinifera,DAV,,,,,,
DVIT 2631,ACTIVE,CULTIVATED,Casculho,Vitis vinifera subsp. vinifera,DAV,,,,,,
DVIT 2636,ACTIVE,CULTIVATED,Fayoumi,Vitis vinifera subsp. vinifera,DAV,,,,,,
DVIT 2638,ACTIVE,CULTIVATED,Hassaine,Vitis vinifera subsp. vinifera,DAV,,,,,,
DVIT 2212,ACTIVE,WILD,Comeaux 4148,Vitis biformis,DAV,,,,,"Veracruz, Mexico.",
DVIT 2214,ACTIVE,WILD,Comeaux 4213,Vitis bloodworthiana,DAV,,,,,Sinaloa Mexico,
DVIT 2224,ACTIVE,WILD,DVIT 2224,Vitis cinerea var. helleri,DAV,,,,,,
DVIT 2236,ACTIVE,WILD,DVIT 2236,Vitis nesbittiana,DAV,,,,,"Veracruz, Mexico.",
DVIT 2241,ACTIVE,WILD,DVIT 2241,Vitis rotundifolia var. munsoniana,DAV,,,,,"Florida, St. Lucie County, 4.6 miles East of  ??? Okeechobee ??? Hwy 70",
DVIT 2244,ACTIVE,WILD,DVIT 2244,Vitis rotundifolia var. munsoniana,DAV,,,,,,
DVIT 2248,ACTIVE,WILD,DVIT 2248,Vitis rotundifolia var. munsoniana,DAV,,,,,,
DVIT 2403,INACTIVE,WILD,DVIT 2403,Vitis rotundifolia var. munsoniana,DAV,26.75,-80.08333333,,Glades,"In Boca Lago at the intersection of Boca Lago Rd. and Arriba Real Circle.  Boca Raton, FL",
DVIT 3003,ACTIVE,CULTIVATED,Clairette Blanche,Vitis vinifera subsp. vinifera,DAV,,,,,,
DVIT 2980,ACTIVE,WILD,15-9-6,Vitis palmata,DAV,,,,At the edge of a swamp.,St. Martin Parish.  150 yards west of the boat ramp on the south side at the Butte LA Rose Exit of Hwy 10.,
DVIT 2964,ACTIVE,WILD,Comeaux 5542,Vitis aestivalis,DAV,,,,"Dry.  Vining to 15 feet on pine, with Rotundifolia, Lincecumii, and mustang.","Leon, TX.  N side of Hwy 7, to west of Iron Gate.  0.3 mile east of intersection with 811 (south), 7.4 miles east of intersection with I49.",
PI 293110,INACTIVE,,Col. No. 20,Vitis cinerea var. helleri,DAV,,,,,"Humid oak forest, 28km west of Narango",
PI 293113,INACTIVE,,Col. No. 29,Vitis cinerea var. helleri,DAV,,,,,"Near summit, 21km west of Naranjo",
DVIT 3323,ACTIVE,BREEDING,Fresno USDA 3-3A,Vitis hybr.,DAV,,,,,,
DVIT 3325,ACTIVE,BREEDING,Fresno USDA 4-11B,Vitis hybr.,DAV,,,,,,
DVIT 3331,ACTIVE,BREEDING,Fresno USDA 6-18B,Vitis hybr.,DAV,,,,,,
DVIT 3333,ACTIVE,UNCERTAIN,DVIT 3333,Vitis hybr.,DAV,,,,,,
DVIT 3339,ACTIVE,BREEDING,Fresno USDA 17-93 (17-24B),Vitis hybr.,DAV,,,,,,
DVIT 3341,ACTIVE,BREEDING,Miss. 22,Vitis hybr.,DAV,,,,,,
DVIT 3438,ACTIVE,WILD,LA2006-5-1,Vitis palmata,DAV,,,,,,
DVIT 3503,ACTIVE,WILD,TX2006-17-20,Vitis mustangensis,DAV,,,,,,
DVIT 3587,ACTIVE,WILD,TX2006-50-1,Vitis mustangensis,DAV,,,,,,
DVIT 3589,ACTIVE,WILD,TX2006-65-5,Vitis mustangensis,DAV,,,,,,
DVIT 8007,ACTIVE,CULTIVAR,Aramon,Vitis vinifera subsp. vinifera,DAV,,,,,,
PI 17964,INACTIVE,,,Vitis rotundifolia var. munsoniana,DAV,,,,,,
PI 293117,ACTIVE,,b 44-11 M50,Vitis cinerea var. helleri,DAV,,,1250,,"Dry pine-oak forest, Sierra Anahuah, Mesa de Chipinque, Monterrey, Nuevo Leon.",
PI 231353,ACTIVE,,Yaghotti No. 2,Vitis vinifera subsp. vinifera,DAV,,,,,,
PI 337135,ACTIVE,,CG 1481,Vitis vinifera subsp. vinifera,DAV,,,,,,
DVIT 2603,ACTIVE,CULTIVATED,Shingargoon,Vitis vinifera subsp. vinifera,DAV,,,,,,
DVIT 2605,ACTIVE,CULTIVATED,Khorestini,Vitis vinifera subsp. vinifera,DAV,,,,,,
DVIT 2634,ACTIVE,CULTIVATED,Donzillinho,Vitis vinifera subsp. vinifera,DAV,,,,,,
DVIT 2648,ACTIVE,CULTIVATED,Perle de Csaba,Vitis vinifera subsp. vinifera,DAV,,,,,,
DVIT 2650,ACTIVE,CULTIVATED,Rhazaki,Vitis vinifera subsp. vinifera,DAV,,,,,,
DVIT 2652,ACTIVE,CULTIVATED,Rondinella,Vitis vinifera subsp. vinifera,DAV,,,,,,
DVIT 2663,ACTIVE,CULTIVATED,Victoria's Choice,Vitis vinifera subsp. vinifera,DAV,,,,,,
DVIT 2667,ACTIVE,BREEDING,Badacsony-10,Vitis vinifera subsp. vinifera,DAV,,,,,,
DVIT 2678,ACTIVE,CULTIVATED,Korente,Vitis vinifera subsp. vinifera,DAV,,,,,,
DVIT 2683,ACTIVE,BREEDING,Norakert PRG 2224,Vitis vinifera subsp. vinifera,DAV,,,,,,
DVIT 2696,ACTIVE,CULTIVATED,Bien Donnie,Vitis vinifera subsp. vinifera,DAV,,,,,,
DVIT 2729,ACTIVE,CULTIVATED,Spin Kwar,Vitis vinifera subsp. vinifera,DAV,,,,,,
DVIT 2434,INACTIVE,CULTIVATED,Red Malaga 4x,Vitis vinifera subsp. vinifera,DAV,,,,,,
DVIT 2743,ACTIVE,CULTIVATED,Bacchus,Vitis vinifera subsp. vinifera,DAV,,,,,,
PI 40624,INACTIVE,,,Vitis vinifera subsp. vinifera,DAV,,,,,,
PI 45690,INACTIVE,,,Vitis vinifera subsp. vinifera,DAV,,,,,,
DVIT 3013,ACTIVE,CULTIVATED,Autumn Black,Vitis vinifera subsp. vinifera,DAV,,,,,,
DVIT 3015,ACTIVE,CULTIVATED,Crimson Seedless,Vitis vinifera subsp. vinifera,DAV,,,,,,
DVIT 2983,ACTIVE,WILD,15-1-9,Vitis palmata,DAV,,,,At the edge of a swamp.,St. Martin Parish.  50 yards west of boat ramp at the Butte LA Rose Exit of Hwy 10.,
DVIT 2913,ACTIVE,CULTIVATED,Flame Tokay,Vitis vinifera subsp. vinifera,DAV,,,,,,
DVIT 2917,ACTIVE,CULTIVATED,Kali Sag,Vitis vinifera subsp. vinifera,DAV,,,,,,
DVIT 2923,ACTIVE,BREEDING,Olmo 6F v19,Vitis vinifera subsp. vinifera,DAV,,,,,,
DVIT 2952,ACTIVE,WILD,Comeaux 5212,Vitis biformis,DAV,,,,mesic; vining,"Tamaulipas, MX; 5.1 miles west of intersection of 85 and 80, south side of 80, 11.1 miles east of S.L.P. state line",
DVIT 2749,ACTIVE,BREEDING,Olmo 18-226 D,Vitis vinifera subsp. vinifera,DAV,,,,,,
DVIT 2752,ACTIVE,BREEDING,Olmo 34F,Vitis vinifera subsp. vinifera,DAV,,,,,,
DVIT 2759,ACTIVE,CULTIVATED,Seedless Emperor,Vitis vinifera subsp. vinifera,DAV,,,,,,
DVIT 2747,ACTIVE,CULTIVATED,Hillbilly,Vitis vinifera subsp. vinifera,DAV,,,,,,
DVIT 3082,ACTIVE,BREEDING,Gallo 91,Vitis rotundifolia var. munsoniana,DAV,,,,,,
DVIT 3223,ACTIVE,CULTIVATED,Favorite,Vitis hybr.,DAV,,,,,,
DVIT 3231,ACTIVE,BREEDING,Zehnder Z 97-60-2,Vitis hybr.,DAV,,,,,,
DVIT 3233,ACTIVE,BREEDING,Zehnder Z 77-80-1,Vitis hybr.,DAV,,,,,,
DVIT 3239,ACTIVE,BREEDING,Zehnder Z 92-8-4,Vitis hybr.,DAV,,,,,,
DVIT 8053,ACTIVE,CULTIVAR,Durif,Vitis vinifera subsp. vinifera,DAV,,,,,,
DVIT 8009,ACTIVE,CULTIVAR,Asgari,Vitis vinifera subsp. vinifera,DAV,,,,,,
DVIT 8015,ACTIVE,CULTIVAR,Beauty Seedless,Vitis vinifera subsp. vinifera,DAV,,,,,,
DVIT 8017,ACTIVE,CULTIVAR,Black Corinth,Vitis vinifera subsp. vinifera,DAV,,,,,,
DVIT 8024,ACTIVE,CULTIVAR,Cabernet Sauvignon,Vitis vinifera subsp. vinifera,DAV,,,,,,
DVIT 8026,ACTIVE,CULTIVAR,Calzin,Vitis vinifera subsp. vinifera,DAV,,,,,,
DVIT 8032,ACTIVE,CULTIVAR,Centennial Seedless,Vitis vinifera subsp. vinifera,DAV,,,,,,
DVIT 8035,ACTIVE,CULTIVAR,Chasselas Dore,Vitis vinifera subsp. vinifera,DAV,,,,,,
DVIT 8041,ACTIVE,CULTIVAR,Cortese,Vitis vinifera subsp. vinifera,DAV,,,,,,
DVIT 8050,ACTIVE,CULTIVAR,Dolcetto,Vitis vinifera subsp. vinifera,DAV,,,,,,
DVIT 8052,ACTIVE,CULTIVAR,Dovine,Vitis vinifera subsp. vinifera,DAV,,,,,,
DVIT 8058,ACTIVE,CULTIVAR,Erbaluce,Vitis vinifera subsp. vinifera,DAV,,,,,,
DVIT 8060,ACTIVE,CULTIVAR,Exotic,Vitis vinifera subsp. vinifera,DAV,,,,,,
DVIT 8065,ACTIVE,CULTIVAR,Flame Seedless,Vitis vinifera subsp. vinifera,DAV,,,,,,
DVIT 8067,ACTIVE,CULTIVAR,Flora,Vitis vinifera subsp. vinifera,DAV,,,,,,
DVIT 8075,ACTIVE,CULTIVAR,Gold,Vitis vinifera subsp. vinifera,DAV,,,,,,
DVIT 8077,ACTIVE,CULTIVAR,Grand Noir,Vitis vinifera subsp. vinifera,DAV,,,,,,
DVIT 2646,ACTIVE,CULTIVATED,Pearl of Zola,Vitis vinifera subsp. vinifera,DAV,,,,,,
DVIT 2654,ACTIVE,CULTIVATED,Sultana Crimson,Vitis vinifera subsp. vinifera,DAV,,,,,,
DVIT 2671,ACTIVE,CULTIVATED,Erlihane,Vitis vinifera subsp. vinifera,DAV,,,,,,
DVIT 2675,ACTIVE,CULTIVATED,Gyongyrizling,Vitis vinifera subsp. vinifera,DAV,,,,,,
DVIT 2689,ACTIVE,CULTIVATED,Wittberger,Vitis vinifera subsp. vinifera,DAV,,,,,,
DVIT 2691,ACTIVE,CULTIVATED,Zengo,Vitis vinifera subsp. vinifera,DAV,,,,,,
DVIT 2703,ACTIVE,CULTIVATED,Karabournov,Vitis vinifera subsp. vinifera,DAV,,,,,,
DVIT 2705,ACTIVE,CULTIVATED,Dornfelder,Vitis vinifera subsp. vinifera,DAV,,,,,,
DVIT 2735,ACTIVE,WILD,DVIT 2735,Vitis rotundifolia var. munsoniana,DAV,,,2,Mostly level.  Sandy loam.,"Entrance to St. George's Island, Florida, on Barrier island.  Plants along side of road just beyond the causeway to the left of the divided roadway entrance.",
DVIT 2899,ACTIVE,CULTIVATED,Summer Royal,Vitis vinifera subsp. vinifera,DAV,,,,,,
DVIT 2902,ACTIVE,CULTIVATED,Summer Muscat,Vitis vinifera subsp. vinifera,DAV,,,,,,
PI 30044,INACTIVE,,Ghusaine,Vitis vinifera subsp. vinifera,DAV,,,,,,
DVIT 2900,ACTIVE,CULTIVATED,Diamond Muscat,Vitis vinifera subsp. vinifera,DAV,,,,,,
DVIT 2904,ACTIVE,BREEDING,B5,Vitis vinifera subsp. vinifera,DAV,,,,,,
DVIT 2979,ACTIVE,WILD,15-7-5,Vitis palmata,DAV,,,,At the edge of a swamp.,St. Martin Parish.  180 yards west of the boat ramp on the south side at the Butte LA Rose Exit of Hwy 10.,
DVIT 3002,ACTIVE,CULTIVATED,Chasselas Rouge,Vitis vinifera subsp. vinifera,DAV,,,,,,
DVIT 3011,ACTIVE,CULTIVATED,St. Catherine's Old Vine,Vitis vinifera subsp. vinifera,DAV,,,,,,
DVIT 3005,ACTIVE,CULTIVATED,Humagne,Vitis vinifera subsp. vinifera,DAV,,,,,,
DVIT 2957,INACTIVE,WILD,5395,Vitis cinerea var. helleri,DAV,,,,Mesic.  Vining to 15 feet into Juniper.,"Travis, TX.  West of Austin; in Tom Hughes Park; 1.3 m west of intersection of Park Road and 620, S side of Park Road.",
DVIT 8055,ACTIVE,CULTIVAR,Early Muscat,Vitis vinifera subsp. vinifera,DAV,,,,,,
DVIT 8061,ACTIVE,CULTIVAR,Fantasy Seedless,Vitis vinifera subsp. vinifera,DAV,,,,,,
DVIT 8064,ACTIVE,CULTIVAR,Fernao Pires,Vitis vinifera subsp. vinifera,DAV,,,,,,
DVIT 8070,ACTIVE,CULTIVAR,Furmint,Vitis vinifera subsp. vinifera,DAV,,,,,,
DVIT 8079,ACTIVE,CULTIVAR,Greco Di Tufo,Vitis vinifera subsp. vinifera,DAV,,,,,,
DVIT 8081,ACTIVE,CULTIVAR,Green Veltliner,Vitis vinifera subsp. vinifera,DAV,,,,,,
DVIT 8087,ACTIVE,CULTIVAR,Kandhara,Vitis vinifera subsp. vinifera,DAV,,,,,,
DVIT 8094,ACTIVE,CULTIVAR,Loose Perlette,Vitis vinifera subsp. vinifera,DAV,,,,,,
DVIT 8096,ACTIVE,CULTIVAR,Malbec,Vitis vinifera subsp. vinifera,DAV,,,,,,
DVIT 8098,ACTIVE,CULTIVAR,Mammolo,Vitis vinifera subsp. vinifera,DAV,,,,,,
DVIT 8106,ACTIVE,CULTIVAR,Mondeuse,Vitis vinifera subsp. vinifera,DAV,,,,,,
DVIT 8112,ACTIVE,CULTIVAR,Muscat Blanc,Vitis vinifera subsp. vinifera,DAV,,,,,,
DVIT 8114,ACTIVE,CULTIVAR,Muscat Of Alexandria,Vitis vinifera subsp. vinifera,DAV,,,,,,
DVIT 8123,ACTIVE,CULTIVAR,Palomino,Vitis vinifera subsp. vinifera,DAV,,,,,,
DVIT 8129,ACTIVE,CULTIVAR,Peverella,Vitis vinifera subsp. vinifera,DAV,,,,,,
DVIT 8131,ACTIVE,CULTIVAR,Pinot Blanc,Vitis vinifera subsp. vinifera,DAV,,,,,,
DVIT 8137,ACTIVE,CULTIVAR,Red Malaga,Vitis vinifera subsp. vinifera,DAV,,,,,,
DVIT 8139,ACTIVE,CULTIVAR,Redglobe,Vitis vinifera subsp. vinifera,DAV,,,,,,
PI 237625,ACTIVE,,Berlandieri Resseguier,Vitis cinerea var. helleri,DAV,,,,,,
DVIT 3014,ACTIVE,CULTIVATED,Autumn Seedless,Vitis vinifera subsp. vinifera,DAV,,,,,,
DVIT 3016,ACTIVE,CULTIVATED,Fantasy Seedless,Vitis vinifera subsp. vinifera,DAV,,,,,,
PI 293115,INACTIVE,,Col. No. 48,Vitis cinerea var. helleri,DAV,,,1475,,"Dry pine-oak forest, Sierra Anahuac",
PI 293119,INACTIVE,,Col. No. 52,Vitis cinerea var. helleri,DAV,,,1234,,"Lower edge of pine forest, Sierra Anahuac",
PI 293123,INACTIVE,,Col. No. 56,Vitis cinerea var. helleri,DAV,,,541,,"Dry streambed, Sierra Anahuac",
DVIT 3327,ACTIVE,BREEDING,Fresno USDA 5-10A,Vitis hybr.,DAV,,,,,,
DVIT 3329,ACTIVE,BREEDING,Fresno USDA 6-1B,Vitis hybr.,DAV,,,,,,
DVIT 3335,ACTIVE,BREEDING,Fresno USDA 8-11A,Vitis hybr.,DAV,,,,,,
DVIT 3337,ACTIVE,BREEDING,Fresno USDA 8-17A,Vitis hybr.,DAV,,,,,,
DVIT 3499,ACTIVE,WILD,TX2006-1-2,Vitis mustangensis,DAV,,,,,,
DVIT 3501,ACTIVE,WILD,TX2006-65-1,Vitis mustangensis,DAV,,,,,,
DVIT 3584,ACTIVE,WILD,TX2006-25-11,Vitis cinerea var. helleri,DAV,,,,,,
DVIT 3585,ACTIVE,WILD,TX2006-35-1c,Vitis mustangensis,DAV,,,,,,
DVIT 8003,ACTIVE,CULTIVAR,Aleatico,Vitis vinifera subsp. vinifera,DAV,,,,,,
DVIT 8005,ACTIVE,CULTIVAR,Aligote,Vitis vinifera subsp. vinifera,DAV,,,,,,
DVIT 8011,ACTIVE,CULTIVAR,Autumn Royal,Vitis vinifera subsp. vinifera,DAV,,,,,,
DVIT 8013,ACTIVE,CULTIVAR,Barbera,Vitis vinifera subsp. vinifera,DAV,,,,,,
DVIT 8019,ACTIVE,CULTIVAR,Bonarda,Vitis vinifera subsp. vinifera,DAV,,,,,,
DVIT 8022,ACTIVE,CULTIVAR,Burgrave,Vitis vinifera subsp. vinifera,DAV,,,,,,
DVIT 8028,ACTIVE,CULTIVAR,Cardinal,Vitis vinifera subsp. vinifera,DAV,,,,,,
DVIT 8030,ACTIVE,CULTIVAR,Casculho,Vitis vinifera subsp. vinifera,DAV,,,,,,
DVIT 8037,ACTIVE,CULTIVAR,Cinsaut,Vitis vinifera subsp. vinifera,DAV,,,,,,
DVIT 8039,ACTIVE,CULTIVAR,Colombard,Vitis vinifera subsp. vinifera,DAV,,,,,,
DVIT 8044,ACTIVE,CULTIVAR,Dattier,Vitis vinifera subsp. vinifera,DAV,,,,,,
DVIT 8047,ACTIVE,CULTIVAR,Diamond Muscat,Vitis vinifera subsp. vinifera,DAV,,,,,,
DVIT 8054,ACTIVE,CULTIVAR,Early Burgundy,Vitis vinifera subsp. vinifera,DAV,,,,,,
DVIT 8056,ACTIVE,CULTIVAR,Emerald Riesling,Vitis vinifera subsp. vinifera,DAV,,,,,,
DVIT 8062,ACTIVE,CULTIVAR,Feher Szagos,Vitis vinifera subsp. vinifera,DAV,,,,,,
DVIT 8069,ACTIVE,CULTIVAR,Freisa,Vitis vinifera subsp. vinifera,DAV,,,,,,
DVIT 8071,ACTIVE,CULTIVAR,Gamay Noir,Vitis vinifera subsp. vinifera,DAV,,,,,,
DVIT 8080,ACTIVE,CULTIVAR,Green Hungarian,Vitis vinifera subsp. vinifera,DAV,,,,,,
DVIT 8086,ACTIVE,CULTIVAR,July Muscat,Vitis vinifera subsp. vinifera,DAV,,,,,,
DVIT 8088,ACTIVE,CULTIVAR,Kerner,Vitis vinifera subsp. vinifera,DAV,,,,,,
DVIT 8095,ACTIVE,CULTIVAR,Malaga,Vitis vinifera subsp. vinifera,DAV,,,,,,
DVIT 8097,ACTIVE,CULTIVAR,Malvasia Bianca,Vitis vinifera subsp. vinifera,DAV,,,,,,
DVIT 8105,ACTIVE,CULTIVAR,Mission,Vitis vinifera subsp. vinifera,DAV,,,,,,
DVIT 8111,ACTIVE,CULTIVAR,Muscadelle Du Bordelais,Vitis vinifera subsp. vinifera,DAV,,,,,,
DVIT 8113,ACTIVE,CULTIVAR,Muscat Hamburg,Vitis vinifera subsp. vinifera,DAV,,,,,,
DVIT 8122,ACTIVE,CULTIVAR,Orange Muscat,Vitis vinifera subsp. vinifera,DAV,,,,,,
DVIT 8128,ACTIVE,CULTIVAR,Petit Verdot,Vitis vinifera subsp. vinifera,DAV,,,,,,
DVIT 8130,ACTIVE,CULTIVAR,Picolit,Vitis vinifera subsp. vinifera,DAV,,,,,,
DVIT 8136,ACTIVE,CULTIVAR,Queen,Vitis vinifera subsp. vinifera,DAV,,,,,,
DVIT 8138,ACTIVE,CULTIVAR,Red Veltliner,Vitis vinifera subsp. vinifera,DAV,,,,,,
DVIT 8146,ACTIVE,CULTIVAR,Rondinella,Vitis vinifera subsp. vinifera,DAV,,,,,,
DVIT 8148,ACTIVE,CULTIVAR,Roussanne,Vitis vinifera subsp. vinifera,DAV,,,,,,
DVIT 8155,ACTIVE,CULTIVAR,Saint Emilion,Vitis vinifera subsp. vinifera,DAV,,,,,,
DVIT 8163,ACTIVE,CULTIVAR,Semillon,Vitis vinifera subsp. vinifera,DAV,,,,,,
DVIT 8170,ACTIVE,CULTIVAR,Sylvaner B2,Vitis vinifera subsp. vinifera,DAV,,,,,,
DVIT 8172,ACTIVE,CULTIVAR,Tannat,Vitis vinifera subsp. vinifera,DAV,,,,,,
DVIT 8179,ACTIVE,CULTIVAR,Thomuscat,Vitis vinifera subsp. vinifera,DAV,,,,,,
DVIT 8181,ACTIVE,CULTIVAR,Tinta Caiada,Vitis vinifera subsp. vinifera,DAV,,,,,,
DVIT 8187,ACTIVE,CULTIVAR,Trincadeira,Vitis vinifera subsp. vinifera,DAV,,,,,,
DVIT 8189,ACTIVE,CULTIVAR,Trousseau Gris,Vitis vinifera subsp. vinifera,DAV,,,,,,
DVIT 8196,ACTIVE,CULTIVAR,Xarello,Vitis vinifera subsp. vinifera,DAV,,,,,,
PI 588443,INACTIVE,WILD,TX 3372,Vitis cinerea var. helleri,DAV,,,,,,
DVIT 1384,ACTIVE,WILD,R68-90,Vitis spp.,DAV,,,,,,
DVIT 1395,ACTIVE,WILD,N71:2,Vitis aestivalis var. linsecomii,DAV,,,,,,
DVIT 2203,ACTIVE,WILD,Comeaux 4387,Vitis aestivalis var. linsecomii,DAV,,,,,"Brevard Co. 1.1 mi south of intersection of Turkey Creek; 1.4 mi south of intersection Hwy 516, near Roseland.",
DVIT 2209,ACTIVE,WILD,Comeaux 4549,Vitis aestivalis,DAV,,,,,Stone Co. 4.4 mi east of Taney Co. via Hwy 86.,
DVIT 2884,ACTIVE,BREEDING,DVIT 2884,Vitis vinifera subsp. vinifera,DAV,,,,,,
DVIT 3227,ACTIVE,BREEDING,Zehnder Z 74-21-5,Vitis hybr.,DAV,,,,,,
DVIT 3229,ACTIVE,BREEDING,Zehnder Z 81-18-3,Vitis hybr.,DAV,,,,,,
DVIT 3235,ACTIVE,BREEDING,Zehnder Z 86-31-10,Vitis hybr.,DAV,,,,,,
DVIT 3237,ACTIVE,BREEDING,Zehnder Z 88-3-12,Vitis hybr.,DAV,,,,,,
DVIT 8051,ACTIVE,CULTIVAR,Donzillinho,Vitis vinifera subsp. vinifera,DAV,,,,,,
DVIT 8057,ACTIVE,CULTIVAR,Emperor,Vitis vinifera subsp. vinifera,DAV,,,,,,
DVIT 8059,ACTIVE,CULTIVAR,Esparte,Vitis vinifera subsp. vinifera,DAV,,,,,,
DVIT 8066,ACTIVE,CULTIVAR,Flame Tokay,Vitis vinifera subsp. vinifera,DAV,,,,,,
DVIT 8068,ACTIVE,CULTIVAR,Folle Blanche,Vitis vinifera subsp. vinifera,DAV,,,,,,
DVIT 8074,ACTIVE,CULTIVAR,Gewurztraminer,Vitis vinifera subsp. vinifera,DAV,,,,,,
DVIT 8076,ACTIVE,CULTIVAR,Gouveio,Vitis vinifera subsp. vinifera,DAV,,,,,,
DVIT 8083,ACTIVE,CULTIVAR,Grignolino,Vitis vinifera subsp. vinifera,DAV,,,,,,
DVIT 8085,ACTIVE,CULTIVAR,Italia,Vitis vinifera subsp. vinifera,DAV,,,,,,
DVIT 8090,ACTIVE,CULTIVAR,Lagrein,Vitis vinifera subsp. vinifera,DAV,,,,,,
DVIT 8092,ACTIVE,CULTIVAR,L'Arvine,Vitis vinifera subsp. vinifera,DAV,,,,,,
DVIT 8100,ACTIVE,CULTIVAR,Melon,Vitis vinifera subsp. vinifera,DAV,,,,,,
DVIT 8102,ACTIVE,CULTIVAR,Meunier,Vitis vinifera subsp. vinifera,DAV,,,,,,
DVIT 8108,ACTIVE,CULTIVAR,Morrastel,Vitis vinifera subsp. vinifera,DAV,,,,,,
DVIT 8110,ACTIVE,CULTIVAR,Muscadelle,Vitis vinifera subsp. vinifera,DAV,,,,,,
DVIT 8116,ACTIVE,CULTIVAR,Nebbiolo,Vitis vinifera subsp. vinifera,DAV,,,,,,
DVIT 8118,ACTIVE,CULTIVAR,Negro Amaro,Vitis vinifera subsp. vinifera,DAV,,,,,,
DVIT 8082,ACTIVE,CULTIVAR,Grenache,Vitis vinifera subsp. vinifera,DAV,,,,,,
DVIT 8084,ACTIVE,CULTIVAR,Helena,Vitis vinifera subsp. vinifera,DAV,,,,,,
DVIT 8091,ACTIVE,CULTIVAR,Lambrusco,Vitis vinifera subsp. vinifera,DAV,,,,,,
DVIT 8093,ACTIVE,CULTIVAR,Limberger,Vitis vinifera subsp. vinifera,DAV,,,,,,
DVIT 8099,ACTIVE,CULTIVAR,Marsanne,Vitis vinifera subsp. vinifera,DAV,,,,,,
DVIT 8101,ACTIVE,CULTIVAR,Merlot,Vitis vinifera subsp. vinifera,DAV,,,,,,
DVIT 8107,ACTIVE,CULTIVAR,Monukka,Vitis vinifera subsp. vinifera,DAV,,,,,,
DVIT 8109,ACTIVE,CULTIVAR,Mourisco De Semente,Vitis vinifera subsp. vinifera,DAV,,,,,,
DVIT 8115,ACTIVE,CULTIVAR,Muscat Ottonel,Vitis vinifera subsp. vinifera,DAV,,,,,,
DVIT 8117,ACTIVE,CULTIVAR,Negrette,Vitis vinifera subsp. vinifera,DAV,,,,,,
DVIT 8124,ACTIVE,CULTIVAR,Pedro Ximenez,Vitis vinifera subsp. vinifera,DAV,,,,,,
DVIT 8126,ACTIVE,CULTIVAR,Petit Bouschet,Vitis vinifera subsp. vinifera,DAV,,,,,,
DVIT 8132,ACTIVE,CULTIVAR,Pinot Gris,Vitis vinifera subsp. vinifera,DAV,,,,,,
DVIT 8134,ACTIVE,CULTIVAR,Pinot Noir,Vitis vinifera subsp. vinifera,DAV,,,,,,
DVIT 8140,ACTIVE,CULTIVAR,Refosco,Vitis vinifera subsp. vinifera,DAV,,,,,,
DVIT 8142,ACTIVE,CULTIVAR,Ribolla Gialla,Vitis vinifera subsp. vinifera,DAV,,,,,,
DVIT 8144,ACTIVE,CULTIVAR,Riesling Italico,Vitis vinifera subsp. vinifera,DAV,,,,,,
DVIT 8150,ACTIVE,CULTIVAR,Rubired,Vitis vinifera subsp. vinifera,DAV,,,,,,
DVIT 8152,ACTIVE,CULTIVAR,Ruby Seedless,Vitis vinifera subsp. vinifera,DAV,,,,,,
DVIT 2419,INACTIVE,WILD,DVIT 2419,Vitis aestivalis var. linsecomii,DAV,35.72805556,-94.9375,232,"On wooded hillside with considerable underbrush surrounding Lake Tenkiller . . .      fairly level area cleared of timber and now grassland.  Timber in the area in almost  entirely deciduous trees, in part hardwoods such as oak and hickory.","Carlisle Cone Rd., Tenkiller Lake",
DVIT 2421,INACTIVE,WILD,DVIT 2421,Vitis aestivalis var. linsecomii,DAV,35.69111111,-94.93638889,236,"On wooded hillside with considerable underbrush surrounding Lake Tenkiller . . .  fairly level area cleared of timber and now grassland.  Timber in the area in almost  entirely deciduous trees, in part hardwoods such as oak and hickory.",Sixshooter Branch Rd. Tenkiller Lake.,
MIA 27629,INACTIVE,,BLUE LAKE,Vitis vinifera subsp. vinifera,DAV,,,,,,
DVIT 334,ACTIVE,CULTIVATED,Agadai,Vitis vinifera subsp. vinifera,DAV,,,,,,
PI 279506,ACTIVE,,Bertille Seyve 4825,Vitis hybr.,DAV,,,,,,
PI 439015,ACTIVE,CULTIVAR,Madeleine Angervine,Vitis vinifera subsp. vinifera,DAV,,,,,,
PI 442847,ACTIVE,CULTIVAR,Ortega,Vitis vinifera subsp. vinifera,DAV,,,,,,
PI 2386,INACTIVE,,,Vitis vinifera subsp. vinifera,DAV,,,,,,
PI 2390,INACTIVE,,,Vitis vinifera subsp. vinifera,DAV,,,,,,
PI 2392,INACTIVE,,,Vitis vinifera subsp. vinifera,DAV,,,,,,
PI 2398,INACTIVE,,,Vitis vinifera subsp. vinifera,DAV,,,,,,
PI 2400,INACTIVE,,,Vitis vinifera subsp. vinifera,DAV,,,,,,
PI 2410,INACTIVE,,,Vitis vinifera subsp. vinifera,DAV,,,,,,
PI 2412,INACTIVE,,,Vitis vinifera subsp. vinifera,DAV,,,,,,
PI 2420,INACTIVE,,,Vitis vinifera subsp. vinifera,DAV,,,,,,
PI 2422,INACTIVE,,,Vitis vinifera subsp. vinifera,DAV,,,,,,
PI 2424,INACTIVE,,,Vitis vinifera subsp. vinifera,DAV,,,,,,
PI 2431,INACTIVE,,,Vitis vinifera subsp. vinifera,DAV,,,,,,
PI 2433,INACTIVE,,,Vitis vinifera subsp. vinifera,DAV,,,,,,
PI 2439,INACTIVE,,,Vitis vinifera subsp. vinifera,DAV,,,,,,
PI 2441,INACTIVE,,,Vitis vinifera subsp. vinifera,DAV,,,,,,
PI 2450,INACTIVE,,,Vitis vinifera subsp. vinifera,DAV,,,,,,
PI 2452,INACTIVE,,,Vitis vinifera subsp. vinifera,DAV,,,,,,
PI 2458,INACTIVE,,,Vitis vinifera subsp. vinifera,DAV,,,,,,
PI 2460,INACTIVE,,,Vitis vinifera subsp. vinifera,DAV,,,,,,
PI 2468,INACTIVE,,,Vitis vinifera subsp. vinifera,DAV,,,,,,
DVIT 8145,ACTIVE,CULTIVAR,Rish Baba,Vitis vinifera subsp. vinifera,DAV,,,,,,
DVIT 8147,ACTIVE,CULTIVAR,Rotgipfler,Vitis vinifera subsp. vinifera,DAV,,,,,,
DVIT 8154,ACTIVE,CULTIVAR,Sabal Kanskoi,Vitis vinifera subsp. vinifera,DAV,,,,,,
DVIT 8162,ACTIVE,CULTIVAR,Seedless Tokay,Vitis vinifera subsp. vinifera,DAV,,,,,,
DVIT 8164,ACTIVE,CULTIVAR,Siegerrebe,Vitis vinifera subsp. vinifera,DAV,,,,,,
DVIT 8171,ACTIVE,CULTIVAR,Syrah,Vitis vinifera subsp. vinifera,DAV,,,,,,
DVIT 8178,ACTIVE,CULTIVAR,Thompson Seedless,Vitis vinifera subsp. vinifera,DAV,,,,,,
DVIT 8180,ACTIVE,CULTIVAR,Tinta Amarella,Vitis vinifera subsp. vinifera,DAV,,,,,,
DVIT 8186,ACTIVE,CULTIVAR,Traminer,Vitis vinifera subsp. vinifera,DAV,,,,,,
DVIT 8188,ACTIVE,CULTIVAR,Trousseau,Vitis vinifera subsp. vinifera,DAV,,,,,,
DVIT 8190,ACTIVE,CULTIVAR,Valdepenas,Vitis vinifera subsp. vinifera,DAV,,,,,,
DVIT 8158,ACTIVE,CULTIVAR,Sauvignon Blanc,Vitis vinifera subsp. vinifera,DAV,,,,,,
DVIT 8160,ACTIVE,CULTIVAR,Sauvignon Vert,Vitis vinifera subsp. vinifera,DAV,,,,,,
DVIT 8165,ACTIVE,CULTIVAR,Souzao,Vitis vinifera subsp. vinifera,DAV,,,,,,
DVIT 8168,ACTIVE,CULTIVAR,Summer Muscat,Vitis vinifera subsp. vinifera,DAV,,,,,,
DVIT 8176,ACTIVE,CULTIVAR,Terret Noir,Vitis vinifera subsp. vinifera,DAV,,,,,,
DVIT 8183,ACTIVE,CULTIVAR,Tinta Madeira,Vitis vinifera subsp. vinifera,DAV,,,,,,
DVIT 8185,ACTIVE,CULTIVAR,Touriga Nacional,Vitis vinifera subsp. vinifera,DAV,,,,,,
DVIT 8191,ACTIVE,CULTIVAR,Valdiguie,Vitis vinifera subsp. vinifera,DAV,,,,,,
DVIT 8193,ACTIVE,CULTIVAR,Verdelho,Vitis vinifera subsp. vinifera,DAV,,,,,,
DVIT 90,ACTIVE,CULTIVATED,Lenoir,Vitis x bourquiniana,DAV,,,,,,
DVIT 117,ACTIVE,CULTIVATED,Ohio,Vitis x bourquiniana,DAV,,,,,,
PI 588444,INACTIVE,WILD,TX 3353,Vitis cinerea var. helleri,DAV,,,,,,
PI 588445,INACTIVE,WILD,TX 3375,Vitis cinerea var. helleri,DAV,,,,,,
GVIT 803,INACTIVE,WILD,V. palmata (rubra),Vitis palmata,DAV,,,,,,
DVIT 2199,ACTIVE,WILD,DVIT 2199,Vitis aestivalis,DAV,,,,,Anderson Co. 5.2 mi south of intersection of Palestine City limit via Hwy 19.,
DVIT 2201,ACTIVE,WILD,Comeaux 4333,Vitis aestivalis var. linsecomii,DAV,,,40,,Bastrop Co. 0.4 mi south of intersection of Hwy 95 & 2336.,
DVIT 2206,ACTIVE,WILD,Comeaux 4540,Vitis aestivalis,DAV,,,,,Benton Co. 1.9 east of intersection of Hwy 62 & 37.,
DVIT 2220,ACTIVE,WILD,DVIT 2220,Vitis spp.,DAV,,,,,,
DVIT 2417,INACTIVE,WILD,DVIT 2417,Vitis aestivalis var. linsecomii,DAV,36.54166667,-93.88333333,305,,"0.5 miles from Highway 112.  Mark Twain National Forest, Barry Co.",
DVIT 2423,INACTIVE,WILD,DVIT 2423,Vitis aestivalis var. linsecomii,DAV,35.72777778,-94.93611111,268,"On wooded hillside with considerable underbrush surrounding Lake Tenkiller . . . fairly level area cleared of timber and now grassland.  Timber in the area in almost entirely deciduous trees, in part hardwoods such as oak and hickory.",Lakewood North Rd.  Tenkiller Lake.,
PI 2428,INACTIVE,,,Vitis vinifera subsp. vinifera,DAV,,,,,,
DVIT 8125,ACTIVE,CULTIVAR,Perlette,Vitis vinifera subsp. vinifera,DAV,,,,,,
DVIT 8127,ACTIVE,CULTIVAR,Petit Manseng,Vitis vinifera subsp. vinifera,DAV,,,,,,
DVIT 8133,ACTIVE,CULTIVAR,Pinot Meunier,Vitis vinifera subsp. vinifera,DAV,,,,,,
DVIT 8135,ACTIVE,CULTIVAR,Princess,Vitis vinifera subsp. vinifera,DAV,,,,,,
DVIT 8141,ACTIVE,CULTIVAR,Ribier,Vitis vinifera subsp. vinifera,DAV,,,,,,
DVIT 8143,ACTIVE,CULTIVAR,Riesling,Vitis vinifera subsp. vinifera,DAV,,,,,,
DVIT 8149,ACTIVE,CULTIVAR,Royalty,Vitis vinifera subsp. vinifera,DAV,,,,,,
DVIT 8151,ACTIVE,CULTIVAR,Ruby Cabernet,Vitis vinifera subsp. vinifera,DAV,,,,,,
DVIT 8157,ACTIVE,CULTIVAR,Sangiovese,Vitis vinifera subsp. vinifera,DAV,,,,,,
DVIT 8159,ACTIVE,CULTIVAR,Sauvignon Gris,Vitis vinifera subsp. vinifera,DAV,,,,,,
DVIT 8167,ACTIVE,CULTIVAR,Suavis,Vitis vinifera subsp. vinifera,DAV,,,,,,
DVIT 8169,ACTIVE,CULTIVAR,Summer Royal,Vitis vinifera subsp. vinifera,DAV,,,,,,
DVIT 8175,ACTIVE,CULTIVAR,Teroldego,Vitis vinifera subsp. vinifera,DAV,,,,,,
DVIT 8182,ACTIVE,CULTIVAR,Tinta Francisca,Vitis vinifera subsp. vinifera,DAV,,,,,,
DVIT 8184,ACTIVE,CULTIVAR,Tinto Cao,Vitis vinifera subsp. vinifera,DAV,,,,,,
DVIT 8192,ACTIVE,CULTIVAR,Verdejo,Vitis vinifera subsp. vinifera,DAV,,,,,,
DVIT 8194,ACTIVE,CULTIVAR,Viognier,Vitis vinifera subsp. vinifera,DAV,,,,,,
DVIT 94,ACTIVE,CULTIVATED,Louisiana,Vitis x bourquiniana,DAV,,,,,,
DVIT 1426,ACTIVE,WILD,Olmo 5029,Vitis spp.,DAV,,,,,,
DVIT 1439,ACTIVE,WILD,Olmo 5420,Vitis spp.,DAV,,,,,,
DVIT 1578,ACTIVE,UNCERTAIN,DVIT 1578,Vitis spp.,DAV,,,,,,
DVIT 1597,ACTIVE,CULTIVATED,Poet Matabon,Vitis vinifera subsp. vinifera,DAV,,,,,,
DVIT 1643,ACTIVE,CULTIVATED,Chasselas Doree Apyrene,Vitis vinifera subsp. vinifera,DAV,,,,,,
DVIT 1645,ACTIVE,WILD,RU66-2,Vitis spp.,DAV,,,,,,
DVIT 1651,ACTIVE,CULTIVATED,Barbaleu,Vitis vinifera subsp. vinifera,DAV,,,,,,
DVIT 1653,ACTIVE,CULTIVATED,Ciminnita,Vitis vinifera subsp. vinifera,DAV,,,,,,
DVIT 1658,ACTIVE,CULTIVATED,Poet Matabon,Vitis vinifera subsp. vinifera,DAV,,,,,,
DVIT 1664,ACTIVE,CULTIVATED,Olivette blanche 4X,Vitis vinifera subsp. vinifera,DAV,,,,,,
DVIT 1668,ACTIVE,CULTIVATED,Tabyrn 4X,Vitis vinifera subsp. vinifera,DAV,,,,,,
DVIT 1720,ACTIVE,BREEDING,Olmo (U69-45),Vitis shuttleworthii,DAV,,,,,,
DVIT 1722,ACTIVE,BREEDING,Olmo U69-54,Vitis spp.,DAV,,,,,,
DVIT 1822,ACTIVE,UNCERTAIN,M12:13-14,Vitis aestivalis,DAV,,,,,,
DVIT 1824,ACTIVE,WILD,M13:17-18,Vitis aestivalis,DAV,,,,,,
DVIT 1828,INACTIVE,WILD,M13:39-40,Vitis aestivalis,DAV,,,,,,
DVIT 1832,INACTIVE,UNCERTAIN,M13:57-58,Vitis aestivalis,DAV,,,,,,
DVIT 1834,INACTIVE,WILD,M13:61-62,Vitis aestivalis,DAV,,,,,,
DVIT 1841,ACTIVE,CULTIVATED,Beli Potok,Vitis vinifera subsp. vinifera,DAV,,,,,,
DVIT 1843,ACTIVE,WILD,DVIT 1843,Vitis mustangensis,DAV,,,,,,
DVIT 1847,ACTIVE,WILD,DVIT 1847,Vitis monticola,DAV,,,,,,
DVIT 1862,ACTIVE,BREEDING,B*40-6 Mlc,Vitis vinifera subsp. vinifera,DAV,,,,,,
DVIT 1917,ACTIVE,BREEDING,f 9-43 M4,Vitis spp.,DAV,,,,,,
DVIT 1919,ACTIVE,BREEDING,f 9-57 M6,Vitis spp.,DAV,,,,,,
DVIT 1925,ACTIVE,BREEDING,f 9-124 M43,Vitis spp.,DAV,,,,,,
DVIT 1929,ACTIVE,BREEDING,f 10-39 M45,Vitis spp.,DAV,,,,,,
DVIT 1935,ACTIVE,BREEDING,f 10-108 M76,Vitis spp.,DAV,,,,,,
DVIT 1939,ACTIVE,BREEDING,f 11-15 M79,Vitis spp.,DAV,,,,,,
DVIT 1943,ACTIVE,BREEDING,i 7-21 M5,Vitis spp.,DAV,,,,,,
DVIT 1947,ACTIVE,BREEDING,i 8-13 M31,Vitis spp.,DAV,,,,,,
DVIT 1951,ACTIVE,BREEDING,i 8-63 C96,Vitis spp.,DAV,,,,,,
DVIT 1955,ACTIVE,BREEDING,i 9-57 M51,Vitis spp.,DAV,,,,,,
DVIT 1958,ACTIVE,BREEDING,i 10-10 M54,Vitis spp.,DAV,,,,,,
PI 289902,ACTIVE,,Pinot Musque,Vitis vinifera subsp. vinifera,DAV,,,,,,
PI 305624,INACTIVE,,JULIO SANCHEZ,Vitis vinifera subsp. vinifera,DAV,,,,,,
PI 442862,INACTIVE,CULTIVAR,Bola Dulce,Vitis vinifera subsp. vinifera,DAV,,,,,"Gomez Palacio, Durango",
PI 2382,INACTIVE,,,Vitis vinifera subsp. vinifera,DAV,,,,,,
PI 2384,INACTIVE,,,Vitis vinifera subsp. vinifera,DAV,,,,,,
PI 2388,INACTIVE,,,Vitis vinifera subsp. vinifera,DAV,,,,,,
PI 2394,INACTIVE,,,Vitis vinifera subsp. vinifera,DAV,,,,,,
PI 2396,INACTIVE,,,Vitis vinifera subsp. vinifera,DAV,,,,,,
DVIT 8197,ACTIVE,CULTIVAR,Zinfandel,Vitis vinifera subsp. vinifera,DAV,,,,,,
DVIT 1447,ACTIVE,WILD,(021-43),Vitis aestivalis,DAV,,,,,,
DVIT 1576,ACTIVE,BREEDING,Olmo R67-112,Vitis monticola,DAV,,,,,,
DVIT 1577,ACTIVE,BREEDING,BURDIN 5406,Vitis mustangensis,DAV,,,,,,
DVIT 1591,ACTIVE,CULTIVATED,Trieste 4X,Vitis vinifera subsp. vinifera,DAV,,,,,,
DVIT 1656,ACTIVE,CULTIVATED,Muscat Rouge Fouce,Vitis vinifera subsp. vinifera,DAV,,,,,,
DVIT 1666,ACTIVE,CULTIVATED,Royale 4X,Vitis vinifera subsp. vinifera,DAV,,,,,,
DVIT 1676,ACTIVE,BREEDING,333 EM 4X (FOEX 4X),Vitis spp.,DAV,,,,,,
DVIT 1678,ACTIVE,CULTIVATED,Tifafihi Ahmer,Vitis vinifera subsp. vinifera,DAV,,,,,,
DVIT 1688,ACTIVE,CULTIVATED,Indian Creek 8 C,Vitis spp.,DAV,,,,,,
DVIT 1714,ACTIVE,BREEDING,Olmo (U69-7),Vitis shuttleworthii,DAV,,,,,,
DVIT 1817,ACTIVE,UNCERTAIN,M7:43-44,Vitis aestivalis,DAV,,,,,,
DVIT 1819,ACTIVE,UNCERTAIN,M12:3-4,Vitis aestivalis,DAV,,,,,,
DVIT 1826,ACTIVE,WILD,M13:23-24,Vitis aestivalis,DAV,,,,,,
DVIT 1830,INACTIVE,UNCERTAIN,M13:43-44,Vitis aestivalis,DAV,,,,,,
DVIT 1851,ACTIVE,UNCERTAIN,#5,Vitis spp.,DAV,,,,,,
DVIT 1855,ACTIVE,WILD,Olmo 7151,Vitis aestivalis,DAV,,,,,,
DVIT 1858,ACTIVE,BREEDING,B*39-59 Mlc,Vitis vinifera subsp. vinifera,DAV,,,,,,
DVIT 1860,ACTIVE,BREEDING,B*39-63 Mlc,Vitis vinifera subsp. vinifera,DAV,,,,,,
DVIT 1874,ACTIVE,BREEDING,B*42-26 C96,Vitis spp.,DAV,,,,,,
DVIT 1923,ACTIVE,BREEDING,f 9-109 M35,Vitis spp.,DAV,,,,,,
DVIT 1927,ACTIVE,BREEDING,f 10-14 M44,Vitis spp.,DAV,,,,,,
DVIT 1931,ACTIVE,BREEDING,f 10-73 M46,Vitis spp.,DAV,,,,,,
DVIT 1933,ACTIVE,BREEDING,f 10-101 M58,Vitis spp.,DAV,,,,,,
DVIT 1937,ACTIVE,BREEDING,f 10-138 M78,Vitis spp.,DAV,,,,,,
DVIT 1941,ACTIVE,BREEDING,f 11-21 M80,Vitis spp.,DAV,,,,,,
DVIT 1945,ACTIVE,BREEDING,i 7-47 M23,Vitis spp.,DAV,,,,,,
DVIT 1949,ACTIVE,BREEDING,i 8-38 M32,Vitis spp.,DAV,,,,,,
DVIT 1953,ACTIVE,BREEDING,i 9-16 C96,Vitis spp.,DAV,,,,,,
DVIT 1960,ACTIVE,BREEDING,i 10-35 M55,Vitis spp.,DAV,,,,,,
DVIT 1962,ACTIVE,BREEDING,i 10-47 M60,Vitis spp.,DAV,,,,,,
DVIT 1964,ACTIVE,BREEDING,i 11-2 M60,Vitis spp.,DAV,,,,,,
DVIT 1966,ACTIVE,BREEDING,i 11-11 M65,Vitis spp.,DAV,,,,,,
DVIT 1977,ACTIVE,UNCERTAIN,14-May,Vitis vinifera subsp. vinifera,DAV,,,,,,
DVIT 1991,ACTIVE,CULTIVATED,Lenoir,Vitis vinifera subsp. vinifera,DAV,,,,,,
DVIT 2003,ACTIVE,CULTIVATED,XX Ponzo,Vitis spp.,DAV,,,,,,
DVIT 2053,INACTIVE,CULTIVATED,Calinda,Vitis vinifera subsp. vinifera,DAV,,,,,,
DVIT 2060,ACTIVE,CULTIVATED,Famellalt Tghilali,Vitis vinifera subsp. vinifera,DAV,,,,,,
DVIT 2098,ACTIVE,WILD,DVIT 2098,Vitis mustangensis,DAV,,,,,,
DVIT 2108,INACTIVE,CULTIVATED,Panse Precose,Vitis vinifera subsp. vinifera,DAV,,,,,,
DVIT 2157,ACTIVE,CULTIVATED,Tokay,Vitis vinifera subsp. vinifera,DAV,,,,,,
PI 2470,INACTIVE,,,Vitis vinifera subsp. vinifera,DAV,,,,,,
PI 2476,INACTIVE,,,Vitis vinifera subsp. vinifera,DAV,,,,,,
PI 2478,INACTIVE,,,Vitis vinifera subsp. vinifera,DAV,,,,,,
PI 2484,INACTIVE,,,Vitis vinifera subsp. vinifera,DAV,,,,,,
PI 2486,INACTIVE,,,Vitis vinifera subsp. vinifera,DAV,,,,,,
PI 2492,INACTIVE,,,Vitis vinifera subsp. vinifera,DAV,,,,,,
PI 2494,INACTIVE,,,Vitis vinifera subsp. vinifera,DAV,,,,,,
PI 2500,INACTIVE,,,Vitis vinifera subsp. vinifera,DAV,,,,,,
PI 2502,INACTIVE,,,Vitis vinifera subsp. vinifera,DAV,,,,,,
PI 2508,INACTIVE,,,Vitis vinifera subsp. vinifera,DAV,,,,,,
PI 2510,INACTIVE,,,Vitis vinifera subsp. vinifera,DAV,,,,,,
PI 2512,INACTIVE,,,Vitis vinifera subsp. vinifera,DAV,,,,,,
PI 2518,INACTIVE,,,Vitis vinifera subsp. vinifera,DAV,,,,,,
PI 2520,INACTIVE,,,Vitis vinifera subsp. vinifera,DAV,,,,,,
PI 2526,INACTIVE,,,Vitis vinifera subsp. vinifera,DAV,,,,,,
PI 2528,INACTIVE,,,Vitis vinifera subsp. vinifera,DAV,,,,,,
PI 2534,INACTIVE,,,Vitis vinifera subsp. vinifera,DAV,,,,,,
PI 2536,INACTIVE,,,Vitis vinifera subsp. vinifera,DAV,,,,,,
DVIT 2433,ACTIVE,CULTIVATED,Ladyfinger Mutant of Thompson Seedless4X,Vitis vinifera subsp. vinifera,DAV,,,,,,
DVIT 2476,ACTIVE,CULTIVATED,Blackrose 4x,Vitis vinifera subsp. vinifera,DAV,,,,,,
DVIT 2519,ACTIVE,BREEDING,KM-S-1011 (4X),Vitis hybr.,DAV,,,,,,
DVIT 2521,ACTIVE,BREEDING,KM-S-1015 (4X),Vitis hybr.,DAV,,,,,,
DVIT 2523,ACTIVE,BREEDING,KM-S-102 (4X),Vitis hybr.,DAV,,,,,,
DVIT 2661,ACTIVE,CULTIVATED,Treixadura Blanca,Vitis vinifera subsp. vinifera,DAV,,,,,,
DVIT 2547,ACTIVE,BREEDING,A-166-003,Vitis spp.,DAV,,,,,,
DVIT 2473,ACTIVE,CULTIVATED,Largo,Vitis hybr.,DAV,,,,,,
DVIT 2475,ACTIVE,CULTIVATED,Wine Tree,Vitis hybr.,DAV,,,,,,
DVIT 2524,ACTIVE,CULTIVATED,Ruby Okuyama,Vitis hybr.,DAV,,,,,,
DVIT 2567,ACTIVE,WILD,FLA AN 2-36,Vitis hybr.,DAV,,,,,,
DVIT 2586,ACTIVE,BREEDING,FLA F9-68,Vitis hybr.,DAV,,,,,,
DVIT 2588,ACTIVE,BREEDING,FLA BD7-75,Vitis hybr.,DAV,,,,,,
DVIT 2627,ACTIVE,BREEDING,Seyve Villard 23-18,Vitis hybr.,DAV,,,,,,
DVIT 2665,ACTIVE,BREEDING,Aris (SB 1 2-19-58),Vitis hybr.,DAV,,,,,,
DVIT 2694,ACTIVE,CULTIVATED,Gravesac,Vitis hybr.,DAV,,,,,,
DVIT 2700,ACTIVE,CULTIVATED,Pirobella,Vitis hybr.,DAV,,,,,,
DVIT 2708,ACTIVE,BREEDING,FLA CD4-22,Vitis hybr.,DAV,,,,,,
DVIT 2715,ACTIVE,BREEDING,FLA 4-B,Vitis hybr.,DAV,,,,,,
DVIT 2724,ACTIVE,CULTIVATED,Osceola,Vitis hybr.,DAV,,,,,,
DVIT 2590,ACTIVE,BREEDING,Dunstan D-340,Vitis spp.,DAV,,,,,,
DVIT 2592,ACTIVE,BREEDING,FLA CD10-46,Vitis spp.,DAV,,,,,,
DVIT 2616,ACTIVE,CULTIVATED,Victoria's Choice 4x,Vitis spp.,DAV,,,,,,
DVIT 2674,ACTIVE,CULTIVATED,Gruner Veltlinger,Vitis spp.,DAV,,,,,,
DVIT 2562,ACTIVE,BREEDING,FLA BD7-122,Vitis hybr.,DAV,,,,,,
DVIT 2564,ACTIVE,BREEDING,CAND-1096,Vitis spp.,DAV,,,,,,
DVIT 2570,ACTIVE,WILD,BN6-67,Vitis spp.,DAV,,,,,,
DVIT 2685,ACTIVE,BREEDING,Sev Lernatu PRG 2224,Vitis spp.,DAV,,,,,,
DVIT 2687,ACTIVE,CULTIVATED,Tajoznyt Izumrud,Vitis spp.,DAV,,,,,,
PI 134556,ACTIVE,,Mexico Species (I 50-57),Vitis spp.,DAV,,,,,,
DVIT 2942,ACTIVE,WILD,3296,Vitis x doaniana,DAV,,,,"mesic; 20 ft. on cottonwood, river dry (south fork of Pease River wet)","Cottle Co., TX; middle of Pease River, north bank, 130 yards east of 62/83 bridge, 12-13 miles north of Paducah",
DVIT 2762,ACTIVE,BREEDING,Olmo j22-62,Vitis hybr.,DAV,,,,,,
PI 2402,INACTIVE,,,Vitis vinifera subsp. vinifera,DAV,,,,,,
PI 2404,INACTIVE,,,Vitis vinifera subsp. vinifera,DAV,,,,,,
PI 2406,INACTIVE,,,Vitis vinifera subsp. vinifera,DAV,,,,,,
PI 2408,INACTIVE,,,Vitis vinifera subsp. vinifera,DAV,,,,,,
PI 2414,INACTIVE,,,Vitis vinifera subsp. vinifera,DAV,,,,,,
PI 2416,INACTIVE,,,Vitis vinifera subsp. vinifera,DAV,,,,,,
PI 2418,INACTIVE,,,Vitis vinifera subsp. vinifera,DAV,,,,,,
PI 2426,INACTIVE,,,Vitis vinifera subsp. vinifera,DAV,,,,,,
PI 2429,INACTIVE,,,Vitis vinifera subsp. vinifera,DAV,,,,,,
PI 2435,INACTIVE,,,Vitis vinifera subsp. vinifera,DAV,,,,,,
PI 2437,INACTIVE,,,Vitis vinifera subsp. vinifera,DAV,,,,,,
PI 2443,INACTIVE,,,Vitis vinifera subsp. vinifera,DAV,,,,,,
PI 2445,INACTIVE,,,Vitis vinifera subsp. vinifera,DAV,,,,,,
PI 2448,INACTIVE,,,Vitis vinifera subsp. vinifera,DAV,,,,,,
PI 2454,INACTIVE,,,Vitis vinifera subsp. vinifera,DAV,,,,,,
PI 2456,INACTIVE,,,Vitis vinifera subsp. vinifera,DAV,,,,,,
PI 2462,INACTIVE,,,Vitis vinifera subsp. vinifera,DAV,,,,,,
PI 2464,INACTIVE,,,Vitis vinifera subsp. vinifera,DAV,,,,,,
PI 2466,INACTIVE,,,Vitis vinifera subsp. vinifera,DAV,,,,,,
PI 2472,INACTIVE,,,Vitis vinifera subsp. vinifera,DAV,,,,,,
PI 2474,INACTIVE,,,Vitis vinifera subsp. vinifera,DAV,,,,,,
PI 2480,INACTIVE,,,Vitis vinifera subsp. vinifera,DAV,,,,,,
PI 2482,INACTIVE,,,Vitis vinifera subsp. vinifera,DAV,,,,,,
PI 2488,INACTIVE,,,Vitis vinifera subsp. vinifera,DAV,,,,,,
PI 2490,INACTIVE,,,Vitis vinifera subsp. vinifera,DAV,,,,,,
PI 2496,INACTIVE,,,Vitis vinifera subsp. vinifera,DAV,,,,,,
PI 2498,INACTIVE,,,Vitis vinifera subsp. vinifera,DAV,,,,,,
PI 2504,INACTIVE,,,Vitis vinifera subsp. vinifera,DAV,,,,,,
PI 2506,INACTIVE,,,Vitis vinifera subsp. vinifera,DAV,,,,,,
PI 2514,INACTIVE,,,Vitis vinifera subsp. vinifera,DAV,,,,,,
PI 2516,INACTIVE,,,Vitis vinifera subsp. vinifera,DAV,,,,,,
PI 2522,INACTIVE,,,Vitis vinifera subsp. vinifera,DAV,,,,,,
PI 2524,INACTIVE,,,Vitis vinifera subsp. vinifera,DAV,,,,,,
PI 2530,INACTIVE,,,Vitis vinifera subsp. vinifera,DAV,,,,,,
PI 2532,INACTIVE,,,Vitis vinifera subsp. vinifera,DAV,,,,,,
PI 2538,INACTIVE,,,Vitis vinifera subsp. vinifera,DAV,,,,,,
PI 2540,INACTIVE,,,Vitis vinifera subsp. vinifera,DAV,,,,,,
DVIT 379,ACTIVE,CULTIVATED,Cinsaut,Vitis vinifera subsp. vinifera,DAV,,,,,,
PI 255187,INACTIVE,,,Vitis aestivalis,DAV,,,,,,
DVIT 2478,INACTIVE,CULTIVATED,Calmeria 4x,Vitis vinifera subsp. vinifera,DAV,,,,,,
DVIT 2526,ACTIVE,BREEDING,KR-ROSA (4X),Vitis hybr.,DAV,,,,,,
DVIT 2528,ACTIVE,BREEDING,KM-S-682 (4X),Vitis hybr.,DAV,,,,,,
DVIT 1972,ACTIVE,BREEDING,ILL. 199-5,Vitis spp.,DAV,,,,,,
DVIT 1981,ACTIVE,UNCERTAIN,30-May,Vitis vinifera subsp. vinifera,DAV,,,,,,
DVIT 2058,ACTIVE,CULTIVATED,Catarratto,Vitis vinifera subsp. vinifera,DAV,,,,,,
DVIT 2110,INACTIVE,CULTIVATED,Chasselas Violet,Vitis vinifera subsp. vinifera,DAV,,,,,,
DVIT 2112,ACTIVE,CULTIVATED,Chasselas des Bouches-du-Rhone,Vitis vinifera subsp. vinifera,DAV,,,,,,
DVIT 2114,ACTIVE,CULTIVATED,Terra Promessa,Vitis vinifera subsp. vinifera,DAV,,,,,,
DVIT 2769,ACTIVE,BREEDING,Olmo j23-24,Vitis hybr.,DAV,,,,,,
DVIT 2773,ACTIVE,BREEDING,Olmo j23-61,Vitis hybr.,DAV,,,,,,
DVIT 2161,ACTIVE,CULTIVATED,Foster's white seedling,Vitis vinifera subsp. vinifera,DAV,,,,,,
DVIT 2163,ACTIVE,BREEDING,Fresno 35-75,Vitis vinifera subsp. vinifera,DAV,,,,,,
DVIT 2169,ACTIVE,BREEDING,Fresno 32-139,Vitis vinifera subsp. vinifera,DAV,,,,,,
PI 2385,INACTIVE,,,Vitis vinifera subsp. vinifera,DAV,,,,,,
PI 2387,INACTIVE,,,Vitis vinifera subsp. vinifera,DAV,,,,,,
PI 2389,INACTIVE,,,Vitis vinifera subsp. vinifera,DAV,,,,,,
PI 2391,INACTIVE,,,Vitis vinifera subsp. vinifera,DAV,,,,,,
PI 2399,INACTIVE,,,Vitis vinifera subsp. vinifera,DAV,,,,,,
PI 2401,INACTIVE,,,Vitis vinifera subsp. vinifera,DAV,,,,,,
PI 2409,INACTIVE,,,Vitis vinifera subsp. vinifera,DAV,,,,,,
PI 2411,INACTIVE,,,Vitis vinifera subsp. vinifera,DAV,,,,,,
PI 2421,INACTIVE,,,Vitis vinifera subsp. vinifera,DAV,,,,,,
PI 2423,INACTIVE,,,Vitis vinifera subsp. vinifera,DAV,,,,,,
PI 2430,INACTIVE,,,Vitis vinifera subsp. vinifera,DAV,,,,,,
PI 2432,INACTIVE,,,Vitis vinifera subsp. vinifera,DAV,,,,,,
PI 2438,INACTIVE,,,Vitis vinifera subsp. vinifera,DAV,,,,,,
PI 2440,INACTIVE,,,Vitis vinifera subsp. vinifera,DAV,,,,,,
PI 2451,INACTIVE,,,Vitis vinifera subsp. vinifera,DAV,,,,,,
DVIT 2520,ACTIVE,BREEDING,KM-S-1014 (4X),Vitis hybr.,DAV,,,,,,
DVIT 2522,ACTIVE,BREEDING,KM-S-103 (4X),Vitis hybr.,DAV,,,,,,
DVIT 2542,ACTIVE,CULTIVATED,Lady Patricia 4x,Vitis hybr.,DAV,,,,,,
DVIT 2554,ACTIVE,BREEDING,I-167-034,Vitis spp.,DAV,,,,,,
DVIT 2618,ACTIVE,CULTIVATED,Centennial 4X,Vitis spp.,DAV,,,,,,
PI 293102,ACTIVE,,b 40-59 M12,Vitis aestivalis,DAV,,,2240,,"Weathered slate outcrop in narrow canyon, 3 miles upstream from mine dump, Santa Barbara, Chihuahua.",
DVIT 2472,ACTIVE,UNCERTAIN,FY7F36,Vitis hybr.,DAV,,,,,,
DVIT 2474,ACTIVE,CULTIVATED,Caribe,Vitis hybr.,DAV,,,,,,
DVIT 2517,ACTIVE,CULTIVATED,Black Emerald,Vitis hybr.,DAV,,,,,,
DVIT 2540,ACTIVE,CULTIVATED,Carolina Black Rose,Vitis hybr.,DAV,,,,,,
DVIT 2606,ACTIVE,WILD,DVIT 2606,Vitis spp.,DAV,,,,,,
DVIT 2742,ACTIVE,BREEDING,T3 C17,Vitis hybr.,DAV,,,,,,
DVIT 2774,ACTIVE,BREEDING,Olmo j23-58,Vitis hybr.,DAV,,,,,,
DVIT 3006,ACTIVE,CULTIVATED,Midsouth,Vitis hybr.,DAV,,,,,,
DVIT 3008,ACTIVE,BREEDING,Seibel 10868,Vitis hybr.,DAV,,,,,,
DVIT 2963,ACTIVE,WILD,5489,Vitis cinerea var. cinerea,DAV,,,,"Mesic.  Vining to 20 feet into Media and Celtis, mustang in the area.  From the border of the ranges of berlandieri and cinerea.","Caldwell, TX.  In Lockhart; 100 yards west of intersection of Walnut and Carver (on Walnut).",
DVIT 3018,ACTIVE,UNCERTAIN,FLA H13-11,Vitis hybr.,DAV,,,,,,
DVIT 3020,ACTIVE,BREEDING,ARK M-26,Vitis hybr.,DAV,,,,,,
DVIT 3022,ACTIVE,BREEDING,6-8-5/5355-2,Vitis aestivalis,DAV,,,,,,
DVIT 3027,ACTIVE,BREEDING,Hagerman V2-66,Vitis hybr.,DAV,,,,,,
DVIT 3029,ACTIVE,BREEDING,Hagerman S93,Vitis hybr.,DAV,,,,,,
DVIT 3037,ACTIVE,BREEDING,Barrett B93-36,Vitis hybr.,DAV,,,,,,
DVIT 3039,ACTIVE,BREEDING,Barrett B93-35-3,Vitis hybr.,DAV,,,,,,
DVIT 2116,ACTIVE,CULTIVATED,Chasselas Jaunce Cire,Vitis vinifera subsp. vinifera,DAV,,,,,,
DVIT 2120,ACTIVE,CULTIVATED,Chassalas Jababer,Vitis vinifera subsp. vinifera,DAV,,,,,,
DVIT 2144,ACTIVE,BREEDING,Perbos 205,Vitis vinifera subsp. vinifera,DAV,,,,,,
DVIT 2159,ACTIVE,CULTIVATED,Lady Hutt,Vitis vinifera subsp. vinifera,DAV,,,,,,
DVIT 2165,ACTIVE,CULTIVATED,Criyicless (Crujicless?),Vitis vinifera subsp. vinifera,DAV,,,,,,
DVIT 2171,ACTIVE,BREEDING,B 15-19,Vitis vinifera subsp. vinifera,DAV,,,,,,
PI 2381,INACTIVE,,,Vitis vinifera subsp. vinifera,DAV,,,,,,
PI 2383,INACTIVE,,,Vitis vinifera subsp. vinifera,DAV,,,,,,
PI 2393,INACTIVE,,,Vitis vinifera subsp. vinifera,DAV,,,,,,
PI 2395,INACTIVE,,,Vitis vinifera subsp. vinifera,DAV,,,,,,
PI 2397,INACTIVE,,,Vitis vinifera subsp. vinifera,DAV,,,,,,
PI 2403,INACTIVE,,,Vitis vinifera subsp. vinifera,DAV,,,,,,
PI 2405,INACTIVE,,,Vitis vinifera subsp. vinifera,DAV,,,,,,
PI 2407,INACTIVE,,,Vitis vinifera subsp. vinifera,DAV,,,,,,
PI 2413,INACTIVE,,,Vitis vinifera subsp. vinifera,DAV,,,,,,
PI 2415,INACTIVE,,,Vitis vinifera subsp. vinifera,DAV,,,,,,
PI 2417,INACTIVE,,,Vitis vinifera subsp. vinifera,DAV,,,,,,
PI 2419,INACTIVE,,,Vitis vinifera subsp. vinifera,DAV,,,,,,
PI 2425,INACTIVE,,,Vitis vinifera subsp. vinifera,DAV,,,,,,
PI 2427,INACTIVE,,,Vitis vinifera subsp. vinifera,DAV,,,,,,
PI 2434,INACTIVE,,,Vitis vinifera subsp. vinifera,DAV,,,,,,
PI 2436,INACTIVE,,,Vitis vinifera subsp. vinifera,DAV,,,,,,
PI 2442,INACTIVE,,,Vitis vinifera subsp. vinifera,DAV,,,,,,
PI 2444,INACTIVE,,,Vitis vinifera subsp. vinifera,DAV,,,,,,
PI 2446,INACTIVE,,,Vitis vinifera subsp. vinifera,DAV,,,,,,
PI 2449,INACTIVE,,,Vitis vinifera subsp. vinifera,DAV,,,,,,
DVIT 2477,INACTIVE,CULTIVATED,Ruby Seedless 4x,Vitis vinifera subsp. vinifera,DAV,,,,,,
DVIT 2479,INACTIVE,CULTIVATED,Long Emperor 4x,Vitis vinifera subsp. vinifera,DAV,,,,,,
DVIT 2518,ACTIVE,BREEDING,KM-S-1060 (4X),Vitis hybr.,DAV,,,,,,
DVIT 2525,ACTIVE,BREEDING,KR-GBO (4X),Vitis hybr.,DAV,,,,,,
DVIT 2527,ACTIVE,BREEDING,KM-S-1050 (4X),Vitis hybr.,DAV,,,,,,
DVIT 2548,ACTIVE,BREEDING,A-166-006,Vitis spp.,DAV,,,,,,
DVIT 2550,ACTIVE,BREEDING,C-166-026,Vitis spp.,DAV,,,,,,
DVIT 2558,ACTIVE,BREEDING,I-167-047,Vitis spp.,DAV,,,,,,
PI 162426,ACTIVE,,Alvarelhao,Vitis vinifera subsp. vinifera,DAV,,,,,,
PI 293071,ACTIVE,,b 47-32 M80,Vitis aestivalis,DAV,,,,"Side arroyo, climbing on a willow tree.","West of Ranger Station, Boquillas, Big Bend National Park",
DVIT 2563,ACTIVE,BREEDING,FLA E12-59,Vitis hybr.,DAV,,,,,,
DVIT 2968,ACTIVE,BREEDING,BC5569,Vitis hybr.,DAV,,,,,"Caddo Parish, LA",
DVIT 2969,INACTIVE,CULTIVATED,Ponroy,Vitis x doaniana,DAV,,,,,,
DVIT 3010,ACTIVE,BREEDING,Seibel 9110,Vitis hybr.,DAV,,,,,,
DVIT 3031,ACTIVE,BREEDING,NC194-1,Vitis hybr.,DAV,,,,,,
DVIT 3033,ACTIVE,BREEDING,Barrett B93-31-3,Vitis hybr.,DAV,,,,,,
DVIT 3035,ACTIVE,BREEDING,Barrett B93-36-1,Vitis hybr.,DAV,,,,,,
DVIT 2549,ACTIVE,BREEDING,A-166-014,Vitis spp.,DAV,,,,,,
DVIT 2557,ACTIVE,BREEDING,I-167-046,Vitis spp.,DAV,,,,,,
DVIT 3045,ACTIVE,BREEDING,Barrett B93-4E,Vitis hybr.,DAV,,,,,,
DVIT 3053,ACTIVE,BREEDING,Barrett B96-23,Vitis hybr.,DAV,,,,,,
DVIT 3059,ACTIVE,BREEDING,Barrett B97-1-1,Vitis hybr.,DAV,,,,,,
DVIT 3063,ACTIVE,BREEDING,Barrett B98-13,Vitis hybr.,DAV,,,,,,
DVIT 3065,ACTIVE,BREEDING,336B,Vitis hybr.,DAV,,,,,,
DVIT 3089,ACTIVE,BREEDING,Dunstan D-345,Vitis hybr.,DAV,,,,,,
DVIT 3093,ACTIVE,CULTIVATED,Rojote,Vitis hybr.,DAV,,,,,,
DVIT 3241,ACTIVE,BREEDING,Fresno USDA 17-85(17-22B),Vitis hybr.,DAV,,,,,,
DVIT 3133,ACTIVE,WILD,2001-2,Vitis aestivalis,DAV,,,,,,
DVIT 2782,ACTIVE,BREEDING,Olmo j23-138,Vitis hybr.,DAV,,,,,,
DVIT 2784,ACTIVE,BREEDING,Olmo j23-150,Vitis hybr.,DAV,,,,,,
DVIT 2786,ACTIVE,BREEDING,Olmo j23-178,Vitis hybr.,DAV,,,,,,
DVIT 2794,ACTIVE,BREEDING,Olmo k2-128,Vitis hybr.,DAV,,,,,,
DVIT 2798,ACTIVE,BREEDING,Olmo k2-150,Vitis hybr.,DAV,,,,,,
DVIT 2806,ACTIVE,BREEDING,Olmo k3-26,Vitis hybr.,DAV,,,,,,
DVIT 2808,ACTIVE,BREEDING,Olmo j16-24,Vitis hybr.,DAV,,,,,,
DVIT 2816,ACTIVE,BREEDING,Olmo j21-71,Vitis hybr.,DAV,,,,,,
DVIT 2818,ACTIVE,BREEDING,Olmo j3-1,Vitis hybr.,DAV,,,,,,
DVIT 2826,ACTIVE,BREEDING,Olmo j12-53,Vitis hybr.,DAV,,,,,,
DVIT 2829,ACTIVE,BREEDING,Olmo k7-70,Vitis hybr.,DAV,,,,,,
DVIT 2837,ACTIVE,BREEDING,Olmo 16-152,Vitis hybr.,DAV,,,,,,
DVIT 2839,ACTIVE,BREEDING,Olmo 16-157,Vitis hybr.,DAV,,,,,,
DVIT 2849,ACTIVE,BREEDING,Olmo m6-66,Vitis hybr.,DAV,,,,,,
DVIT 2852,ACTIVE,BREEDING,Olmo m6-86,Vitis hybr.,DAV,,,,,,
DVIT 2858,ACTIVE,BREEDING,Olmo n3-136,Vitis hybr.,DAV,,,,,,
DVIT 2863,ACTIVE,BREEDING,Olmo n4-25,Vitis hybr.,DAV,,,,,,
DVIT 2871,ACTIVE,BREEDING,Olmo q9 108-122,Vitis hybr.,DAV,,,,,,
DVIT 2873,ACTIVE,BREEDING,Olmo b54-46,Vitis hybr.,DAV,,,,,,
DVIT 2879,ACTIVE,BREEDING,Olmo q9-23,Vitis hybr.,DAV,,,,,,
DVIT 2881,ACTIVE,BREEDING,Olmo q9-28,Vitis hybr.,DAV,,,,,,
DVIT 3369,ACTIVE,WILD,AL2006-2-6,Vitis mustangensis,DAV,,,,,,
DVIT 3371,ACTIVE,WILD,LA2006-2-3,Vitis mustangensis,DAV,,,,,,
DVIT 3377,ACTIVE,WILD,TX2006-38-1,Vitis mustangensis,DAV,,,,,,
DVIT 3379,ACTIVE,WILD,TX2006-47-3,Vitis mustangensis,DAV,,,,,,
DVIT 3385,ACTIVE,WILD,TX2006-67-1,Vitis mustangensis,DAV,,,,,,
DVIT 3407,ACTIVE,UNCERTAIN,TX2006-28-1,Vitis hybr.,DAV,,,,,,
DVIT 3408,ACTIVE,WILD,AL2006-2-1,Vitis mustangensis,DAV,,,,,,
DVIT 3414,ACTIVE,WILD,TX2006-15-2,Vitis mustangensis,DAV,,,,,,
DVIT 3416,ACTIVE,WILD,TX2006-35-1a,Vitis mustangensis,DAV,,,,,,
DVIT 3424,ACTIVE,WILD,TX2006-53.2-1,Vitis mustangensis,DAV,,,,,,
DVIT 3426,ACTIVE,WILD,TX2006-55-1,Vitis mustangensis,DAV,,,,,,
DVIT 3432,ACTIVE,WILD,TX2006-66-4,Vitis mustangensis,DAV,,,,,,
DVIT 3434,ACTIVE,WILD,TX2006-16-2,Vitis mustangensis,DAV,,,,,,
DVIT 3558,ACTIVE,UNCERTAIN,Remaily Alpha 1-3,Vitis hybr.,DAV,,,,,,
DVIT 3566,ACTIVE,UNCERTAIN,Remaily V #61,Vitis hybr.,DAV,,,,,,
DVIT 3573,ACTIVE,WILD,FL2006-03-3,Vitis aestivalis,DAV,,,,,,
DVIT 3684,ACTIVE,UNCERTAIN,Oklahoma #125,Vitis spp.,DAV,,,,,,
DVIT 3704,ACTIVE,,PC0174-16,Vitis hybr.,DAV,,,,,,
DVIT 3712,ACTIVE,,MoArk 4,Vitis hybr.,DAV,,,,,,
DVIT 2559,ACTIVE,BREEDING,I-167-048,Vitis spp.,DAV,,,,,,
PI 173260,ACTIVE,,Berzamina,Vitis vinifera subsp. vinifera,DAV,,,,,,
PI 293070,ACTIVE,,b 47-27 M79,Vitis aestivalis,DAV,,,,Side arroyo.,"One mile west of ranger station, Boquillas, Big Bend National Park",
DVIT 2544,ACTIVE,CULTIVATED,Rubaiyat,Vitis hybr.,DAV,,,,,,
DVIT 2571,ACTIVE,WILD,FLA 13B-5,Vitis hybr.,DAV,,,,,,
DVIT 2584,ACTIVE,CULTIVATED,Stover,Vitis hybr.,DAV,,,,,,
DVIT 2608,ACTIVE,BREEDING,Ruggeri 140,Vitis hybr.,DAV,,,,,,
DVIT 2711,ACTIVE,BREEDING,Dunstan DRX73-026,Vitis hybr.,DAV,,,,,,
DVIT 2713,ACTIVE,BREEDING,FLA A4-23,Vitis hybr.,DAV,,,,,,
DVIT 2718,ACTIVE,BREEDING,FLA P8-21,Vitis hybr.,DAV,,,,,,
DVIT 2727,ACTIVE,CULTIVATED,Darklight,Vitis hybr.,DAV,,,,,,
PI 293144,ACTIVE,,b 45-2 M57,Vitis aestivalis var. linsecomii,DAV,,,,,"Humid forest canyon, below hotel, Horsetail Falls, Monterrey, Nuevo Leon",
DVIT 2579,ACTIVE,WILD,Foxxie Lottie,Vitis spp.,DAV,,,,,,
DVIT 2581,ACTIVE,WILD,Everglade  F272,Vitis spp.,DAV,,,,,,
DVIT 2609,ACTIVE,BREEDING,Minnesota 37 4x,Vitis spp.,DAV,,,,,,
DVIT 2611,ACTIVE,CULTIVATED,Sweet Blue 4x,Vitis spp.,DAV,,,,,,
DVIT 2670,ACTIVE,CULTIVATED,Doral,Vitis spp.,DAV,,,,,,
DVIT 2680,ACTIVE,CULTIVATED,Kouldjinski,Vitis spp.,DAV,,,,,,
DVIT 2560,ACTIVE,CULTIVATED,Florilush,Vitis spp.,DAV,,,,,,
DVIT 2573,ACTIVE,CULTIVATED,Munson's Extra,Vitis spp.,DAV,,,,,,
DVIT 2577,ACTIVE,WILD,Farrer,Vitis spp.,DAV,,,,,,
DVIT 2697,ACTIVE,CULTIVATED,Probella,Vitis spp.,DAV,,,,,,
DVIT 2765,ACTIVE,BREEDING,Olmo j22-177,Vitis hybr.,DAV,,,,,,
DVIT 2767,ACTIVE,BREEDING,Olmo j23-19,Vitis hybr.,DAV,,,,,,
DVIT 2776,ACTIVE,BREEDING,Olmo j23-93,Vitis hybr.,DAV,,,,,,
DVIT 2778,ACTIVE,BREEDING,Olmo j23-96,Vitis hybr.,DAV,,,,,,
DVIT 2790,ACTIVE,BREEDING,Olmo j24-45,Vitis hybr.,DAV,,,,,,
DVIT 2792,ACTIVE,BREEDING,Olmo k2-112,Vitis hybr.,DAV,,,,,,
DVIT 2800,ACTIVE,BREEDING,Olmo k2-181,Vitis hybr.,DAV,,,,,,
DVIT 2802,ACTIVE,BREEDING,Olmo k3-10,Vitis hybr.,DAV,,,,,,
DVIT 2810,ACTIVE,BREEDING,Olmo j10-98,Vitis hybr.,DAV,,,,,,
DVIT 2813,ACTIVE,BREEDING,Olmo j20-61,Vitis hybr.,DAV,,,,,,
DVIT 2821,ACTIVE,BREEDING,Olmo j19-47,Vitis hybr.,DAV,,,,,,
DVIT 2824,ACTIVE,BREEDING,Olmo j26-96,Vitis hybr.,DAV,,,,,,
DVIT 2831,ACTIVE,BREEDING,Olmo k6-132,Vitis hybr.,DAV,,,,,,
DVIT 2834,ACTIVE,BREEDING,Olmo k6-155,Vitis hybr.,DAV,,,,,,
DVIT 2842,ACTIVE,BREEDING,Olmo m6-59,Vitis hybr.,DAV,,,,,,
DVIT 2845,ACTIVE,BREEDING,Olmo m6-120,Vitis hybr.,DAV,,,,,,
DVIT 2847,ACTIVE,BREEDING,Olmo m6-54,Vitis hybr.,DAV,,,,,,
DVIT 2854,ACTIVE,BREEDING,Olmo m6-140,Vitis vinifera subsp. sylvestris,DAV,,,,,,
DVIT 2856,ACTIVE,BREEDING,Olmo n3-14,Vitis hybr.,DAV,,,,,,
DVIT 2866,ACTIVE,BREEDING,Olmo n4-71,Vitis hybr.,DAV,,,,,,
DVIT 2869,ACTIVE,BREEDING,Olmo q9 33-47,Vitis hybr.,DAV,,,,,,
DVIT 2875,ACTIVE,BREEDING,Olmo b54-59,Vitis hybr.,DAV,,,,,,
DVIT 2877,ACTIVE,BREEDING,Olmo b59-45,Vitis hybr.,DAV,,,,,,
DVIT 3373,ACTIVE,WILD,TX2006-9-1,Vitis mustangensis,DAV,,,,,,
DVIT 3375,ACTIVE,WILD,TX2006-12-2,Vitis mustangensis,DAV,,,,,,
DVIT 3714,ACTIVE,,Illinois Fruitless Chambourcin,Vitis hybr.,DAV,,,,,,
DVIT 8002,ACTIVE,CULTIVAR,Alden,Vitis hybr.,DAV,,,,,,
DVIT 8045,ACTIVE,CULTIVAR,Dattier De St. Vallier,Vitis hybr.,DAV,,,,,,
DVIT 8072,ACTIVE,CULTIVAR,Ganzin 1,Vitis hybr.,DAV,,,,,,
DVIT 8078,ACTIVE,CULTIVAR,Gravesac,Vitis hybr.,DAV,,,,,,
DVIT 8103,ACTIVE,CULTIVAR,Millardet Et De Grasset 101-14,Vitis hybr.,DAV,,,,,,
DVIT 8119,ACTIVE,CULTIVAR,Niabell,Vitis hybr.,DAV,,,,,,
DVIT 8121,ACTIVE,CULTIVAR,Oppenheim #4,Vitis hybr.,DAV,,,,,,
DVIT 8156,ACTIVE,CULTIVAR,Salvador,Vitis hybr.,DAV,,,,,,
DVIT 8173,ACTIVE,CULTIVAR,Teleki 5C,Vitis hybr.,DAV,,,,,,
DVIT 8,ACTIVE,CULTIVATED,Amerbonte,Vitis hybr.,DAV,,,,,,
DVIT 10,ACTIVE,CULTIVATED,Armalaga,Vitis hybr.,DAV,,,,,,
DVIT 16,ACTIVE,CULTIVATED,Banner,Vitis hybr.,DAV,,,,,,
DVIT 18,ACTIVE,CULTIVATED,Berckmans,Vitis hybr.,DAV,,,,,,
DVIT 20,ACTIVE,CULTIVATED,"Black Giant ""A""",Vitis hybr.,DAV,,,,,,
DVIT 23,ACTIVE,CULTIVATED,Bokay,Vitis hybr.,DAV,,,,,,
DVIT 25,ACTIVE,CULTIVATED,Butler,Vitis hybr.,DAV,,,,,,
DVIT 28,ACTIVE,CULTIVATED,Caywood,Vitis hybr.,DAV,,,,,,
DVIT 3148,ACTIVE,BREEDING,D 30-4-254 81.0350,Vitis hybr.,DAV,,,,,,
DVIT 3159,ACTIVE,CULTIVATED,Black Olympia,Vitis hybr.,DAV,,,,,,
DVIT 3165,ACTIVE,CULTIVATED,Herman Goethe 9,Vitis hybr.,DAV,,,,,,
DVIT 3179,ACTIVE,CULTIVATED,De Chaunac,Vitis hybr.,DAV,,,,,,
DVIT 3208,ACTIVE,BREEDING,J-167-047,Vitis spp.,DAV,,,,,,
PI 293098,INACTIVE,,Col. No. 8,Vitis aestivalis,DAV,,,,,"Rock cliffs, along streambed, Majalca",
PI 293105,INACTIVE,,Col. No. 38,Vitis aestivalis,DAV,,,,,Oasis about 3.2km southwest of Ojo de Agua,
PI 293107,INACTIVE,,Col. No. 40,Vitis aestivalis,DAV,,,,,Oasis about 3.2km southwest of Ojo de Agua,
PI 293142,INACTIVE,,Col. No. 42,Vitis aestivalis var. linsecomii,DAV,,,,,"Limestone soil, along peacan grove, south of San Lorenzo",
DVIT 3322,ACTIVE,BREEDING,Fresno USDA 3-1A,Vitis hybr.,DAV,,,,,,
DVIT 3326,ACTIVE,BREEDING,Fresno USDA 4-12A,Vitis hybr.,DAV,,,,,,
DVIT 3328,ACTIVE,BREEDING,Fresno USDA 6-1A,Vitis hybr.,DAV,,,,,,
DVIT 3334,ACTIVE,BREEDING,Fresno USDA 8-10B,Vitis hybr.,DAV,,,,,,
DVIT 3336,ACTIVE,BREEDING,Fresno USDA 8-15B,Vitis hybr.,DAV,,,,,,
DVIT 3342,ACTIVE,CULTIVATED,Thomcord,Vitis hybr.,DAV,,,,,,
DVIT 3370,ACTIVE,WILD,LA2006-2-2,Vitis mustangensis,DAV,,,,,,
DVIT 3372,ACTIVE,WILD,TX2006-6-1,Vitis mustangensis,DAV,,,,,,
DVIT 3378,ACTIVE,WILD,TX2006-47-2,Vitis mustangensis,DAV,,,,,,
DVIT 3380,ACTIVE,WILD,TX2006-53-1,Vitis mustangensis,DAV,,,,,,
DVIT 3386,ACTIVE,WILD,TX2006-48-1,Vitis mustangensis,DAV,,,,,,
DVIT 3409,ACTIVE,WILD,AL2006-2-5,Vitis mustangensis,DAV,,,,,,
DVIT 3415,ACTIVE,WILD,TX2006-26-3,Vitis mustangensis,DAV,,,,,,
DVIT 3417,ACTIVE,WILD,TX2006-4-1,Vitis mustangensis,DAV,,,,,,
DVIT 3423,ACTIVE,WILD,TX2006-52-2,Vitis mustangensis,DAV,,,,,,
DVIT 3425,ACTIVE,WILD,TX2006-54-1,Vitis mustangensis,DAV,,,,,,
DVIT 3431,ACTIVE,WILD,TX2006-66-1,Vitis mustangensis,DAV,,,,,,
DVIT 3433,ACTIVE,WILD,TX2006-67-2,Vitis mustangensis,DAV,,,,,,
DVIT 3381,ACTIVE,WILD,TX2006-54-2,Vitis mustangensis,DAV,,,,,,
DVIT 3383,ACTIVE,WILD,TX2006-58-1,Vitis mustangensis,DAV,,,,,,
DVIT 3391,ACTIVE,WILD,FL2006-7-1,Vitis shuttleworthii,DAV,,,,,,
DVIT 3392,ACTIVE,WILD,TX2006-14-4,Vitis spp.,DAV,,,,,,
DVIT 3361,ACTIVE,CULTIVATED,Magliasina,Vitis hybr.,DAV,,,,,,
DVIT 3410,ACTIVE,WILD,LA2006-2-1,Vitis mustangensis,DAV,,,,,,
DVIT 3041,ACTIVE,BREEDING,Barrett B94-36-1,Vitis hybr.,DAV,,,,,,
DVIT 3043,ACTIVE,BREEDING,Barrett B93-1-1,Vitis hybr.,DAV,,,,,,
DVIT 3047,ACTIVE,BREEDING,Barrett B96-1-2,Vitis hybr.,DAV,,,,,,
DVIT 3049,ACTIVE,BREEDING,Barrett B96-7-1,Vitis hybr.,DAV,,,,,,
DVIT 3051,ACTIVE,BREEDING,RN 17-36,Vitis hybr.,DAV,,,,,,
DVIT 3055,ACTIVE,BREEDING,Barrett B96-15,Vitis hybr.,DAV,,,,,,
DVIT 3057,ACTIVE,BREEDING,Barrett B94-42,Vitis hybr.,DAV,,,,,,
DVIT 3061,ACTIVE,BREEDING,Barrett B93-26-1,Vitis hybr.,DAV,,,,,,
DVIT 3068,ACTIVE,BREEDING,Chambourcin,Vitis hybr.,DAV,,,,,,
DVIT 3085,ACTIVE,CULTIVATED,Blanca Nieves,Vitis hybr.,DAV,,,,,,
DVIT 3091,ACTIVE,BREEDING,Dunstan D-370,Vitis hybr.,DAV,,,,,,
DVIT 3095,ACTIVE,CULTIVATED,Vina Madre,Vitis hybr.,DAV,,,,,,
DVIT 3243,ACTIVE,BREEDING,Fresno USDA 17-88(17-23A),Vitis hybr.,DAV,,,,,,
DVIT 3145,ACTIVE,WILD,2001-14,Vitis aestivalis var. linsecomii,DAV,,,,,,
DVIT 3201,ACTIVE,CULTIVATED,Visalia Seedless Concord,Vitis hybr.,DAV,,,,,,
DVIT 3205,ACTIVE,BREEDING,J-167-046,Vitis spp.,DAV,,,,,,
DVIT 3225,ACTIVE,BREEDING,Fresno 92-32,Vitis hybr.,DAV,,,,,,
PI 293100,INACTIVE,,Col. No. 10,Vitis aestivalis,DAV,,,,,"Rock cliffs, along streambed Majalca",
PI 293103,INACTIVE,,Col. No. 13,Vitis aestivalis,DAV,,,,,"Weathered slate outcrop in narrow canyon, 4.8km upstream from mine dump",
DVIT 3324,ACTIVE,BREEDING,Fresno USDA 3-6A,Vitis hybr.,DAV,,,,,,
DVIT 3330,ACTIVE,BREEDING,Fresno USDA 6-18A,Vitis hybr.,DAV,,,,,,
DVIT 3332,ACTIVE,BREEDING,Fresno USDA 6-19A,Vitis hybr.,DAV,,,,,,
DVIT 3338,ACTIVE,BREEDING,Fresno USDA 10-6B,Vitis hybr.,DAV,,,,,,
DVIT 3340,ACTIVE,BREEDING,V. candicana,Vitis hybr.,DAV,,,,,,
DVIT 3366,ACTIVE,WILD,TX2006-40-3,Vitis hybr.,DAV,,,,,,
DVIT 3368,ACTIVE,WILD,TX2006-45-1,Vitis monticola,DAV,,,,,,
DVIT 3374,ACTIVE,WILD,TX2006-11-1,Vitis mustangensis,DAV,,,,,,
DVIT 3376,ACTIVE,WILD,TX2006-37-2,Vitis mustangensis,DAV,,,,,,
DVIT 3382,ACTIVE,WILD,TX2006-56-1,Vitis mustangensis,DAV,,,,,,
DVIT 3384,ACTIVE,WILD,TX2006-59-3,Vitis mustangensis,DAV,,,,,,
DVIT 3360,ACTIVE,CULTIVATED,Japanese Burgundy,Vitis hybr.,DAV,,,,,,
DVIT 3400,ACTIVE,WILD,TX2006-13-31,Vitis aestivalis,DAV,,,,,,
DVIT 3411,ACTIVE,WILD,TX2006-10-3,Vitis mustangensis,DAV,,,,,,
DVIT 3413,ACTIVE,WILD,TX2006-13-32,Vitis mustangensis,DAV,,,,,,
DVIT 3419,ACTIVE,WILD,TX2006-44-2,Vitis mustangensis,DAV,,,,,,
DVIT 3421,ACTIVE,WILD,TX2006-49-1,Vitis mustangensis,DAV,,,,,,
DVIT 3427,ACTIVE,WILD,TX2006-55-2,Vitis mustangensis,DAV,,,,,,
DVIT 3429,ACTIVE,WILD,TX2006-56-2,Vitis mustangensis,DAV,,,,,,
DVIT 3435,ACTIVE,WILD,TX2006-21-1,Vitis mustangensis,DAV,,,,,,
DVIT 3436,ACTIVE,UNCERTAIN,TX2006-21-1,Vitis hybr.,DAV,,,,,,
DVIT 3442,ACTIVE,WILD,TX2006-3-5,Vitis spp.,DAV,,,,,,
DVIT 3498,ACTIVE,WILD,AL2006-2-3,Vitis mustangensis,DAV,,,,,,
DVIT 3559,ACTIVE,UNCERTAIN,Remaily Alpha 1-9,Vitis hybr.,DAV,,,,,,
DVIT 3565,ACTIVE,UNCERTAIN,Remaily V #60,Vitis hybr.,DAV,,,,,,
DVIT 3574,ACTIVE,WILD,FL2006-05-1,Vitis aestivalis,DAV,,,,,,
DVIT 3576,ACTIVE,WILD,FL2006-6-1,Vitis shuttleworthii,DAV,,,,,,
DVIT 3697,ACTIVE,UNCERTAIN,FVK-4-2,Vitis hybr.,DAV,,,,,,
DVIT 3683,ACTIVE,UNCERTAIN,Sunset,Vitis spp.,DAV,,,,,,
DVIT 3705,ACTIVE,,PC South 7-10,Vitis hybr.,DAV,,,,,,
DVIT 3713,ACTIVE,,MoArk 7,Vitis hybr.,DAV,,,,,,
DVIT 3715,ACTIVE,,Oklahoma 392,Vitis hybr.,DAV,,,,,,
DVIT 8020,ACTIVE,CULTIVAR,Bronx Seedless,Vitis hybr.,DAV,,,,,,
DVIT 8063,ACTIVE,CULTIVAR,Ferdinand De Lesseps,Vitis hybr.,DAV,,,,,,
DVIT 8073,ACTIVE,CULTIVAR,Gasconade,Vitis hybr.,DAV,,,,,,
DVIT 8089,ACTIVE,CULTIVAR,Kober 125Aa,Vitis hybr.,DAV,,,,,,
DVIT 8104,ACTIVE,CULTIVAR,Millardet Et De Grasset 106-8,Vitis hybr.,DAV,,,,,,
DVIT 8120,ACTIVE,CULTIVAR,Niagara,Vitis hybr.,DAV,,,,,,
DVIT 8153,ACTIVE,CULTIVAR,Ruggeri 140,Vitis hybr.,DAV,,,,,,
DVIT 8161,ACTIVE,CULTIVAR,Scarlet,Vitis hybr.,DAV,,,,,,
DVIT 3,ACTIVE,CULTIVATED,Alden,Vitis hybr.,DAV,,,,,,
DVIT 5,ACTIVE,CULTIVATED,Alice,Vitis hybr.,DAV,,,,,,
DVIT 9,ACTIVE,CULTIVATED,America,Vitis hybr.,DAV,,,,,,
DVIT 17,ACTIVE,CULTIVATED,Ben Hur,Vitis hybr.,DAV,,,,,,
DVIT 29,ACTIVE,CULTIVATED,Champanel,Vitis hybr.,DAV,,,,,,
DVIT 30,ACTIVE,CULTIVATED,Champion,Vitis labrusca,DAV,,,,,,
DVIT 44,ACTIVE,CULTIVATED,Daisy,Vitis hybr.,DAV,,,,,,
DVIT 50,ACTIVE,CULTIVATED,Eclipse,Vitis hybr.,DAV,,,,,,
DVIT 51,ACTIVE,CULTIVATED,Edna,Vitis hybr.,DAV,,,,,,
DVIT 31,ACTIVE,CULTIVATED,Chataqua,Vitis labrusca,DAV,,,,,,
DVIT 39,ACTIVE,CULTIVATED,Concord Claypool,Vitis hybr.,DAV,,,,,,
DVIT 40,ACTIVE,UNCERTAIN,Concord Sport,Vitis labrusca,DAV,,,,,,
DVIT 43,ACTIVE,CULTIVATED,Cynthiana,Vitis hybr.,DAV,,,,,,
DVIT 45,ACTIVE,CULTIVATED,Delakins,Vitis hybr.,DAV,,,,,,
DVIT 47,ACTIVE,CULTIVATED,Dracut Amber,Vitis labrusca,DAV,,,,,,
DVIT 52,ACTIVE,CULTIVATED,Ericson,Vitis hybr.,DAV,,,,,,
DVIT 54,ACTIVE,CULTIVATED,Etta,Vitis hybr.,DAV,,,,,,
DVIT 62,ACTIVE,CULTIVATED,Golden Drop,Vitis hybr.,DAV,,,,,,
DVIT 65,ACTIVE,CULTIVATED,Hartford,Vitis hybr.,DAV,,,,,,
DVIT 66,ACTIVE,CULTIVATED,Hayes,Vitis labrusca,DAV,,,,,,
DVIT 68,ACTIVE,CULTIVATED,Hernito,Vitis hybr.,DAV,,,,,,
DVIT 70,ACTIVE,CULTIVATED,Hidalgo,Vitis hybr.,DAV,,,,,,
DVIT 72,ACTIVE,CULTIVATED,Hopkins,Vitis hybr.,DAV,,,,,,
DVIT 74,ACTIVE,CULTIVATED,Illinois,Vitis hybr.,DAV,,,,,,
DVIT 86,ACTIVE,CULTIVATED,Ladano,Vitis hybr.,DAV,,,,,,
DVIT 87,ACTIVE,CULTIVATED,Lady,Vitis labrusca,DAV,,,,,,
DVIT 96,ACTIVE,CULTIVATED,Marguerite,Vitis hybr.,DAV,,,,,,
DVIT 102,ACTIVE,CULTIVATED,McPike,Vitis labrusca,DAV,,,,,,
DVIT 103,ACTIVE,CULTIVATED,Meier's Everbearing,Vitis hybr.,DAV,,,,,,
DVIT 105,ACTIVE,CULTIVATED,Minnie,Vitis hybr.,DAV,,,,,,
DVIT 110,ACTIVE,CULTIVATED,Munson,Vitis hybr.,DAV,,,,,,
DVIT 3496,ACTIVE,WILD,MS2006-2-4,Vitis aestivalis,DAV,,,,,,
DVIT 3561,ACTIVE,UNCERTAIN,Remaily Delta 1-1,Vitis hybr.,DAV,,,,,,
DVIT 3563,ACTIVE,UNCERTAIN,Remaily V #15,Vitis hybr.,DAV,,,,,,
DVIT 3685,ACTIVE,UNCERTAIN,Oklahoma 211,Vitis spp.,DAV,,,,,,
DVIT 3701,ACTIVE,,Leesburg 2-8/9,Vitis hybr.,DAV,,,,,,
DVIT 3711,ACTIVE,,MoArk 1,Vitis hybr.,DAV,,,,,,
DVIT 3717,ACTIVE,,PC04235-1,Vitis hybr.,DAV,,,,,,
DVIT 8042,ACTIVE,CULTIVAR,Couderc 161-49,Vitis hybr.,DAV,,,,,,
DVIT 8174,ACTIVE,CULTIVAR,Teleki 8B,Vitis hybr.,DAV,,,,,,
DVIT 1,ACTIVE,CULTIVATED,Albania,Vitis hybr.,DAV,,,,,,
DVIT 7,ACTIVE,CULTIVATED,Amber Queen,Vitis hybr.,DAV,,,,,,
DVIT 11,ACTIVE,CULTIVATED,Atoka,Vitis hybr.,DAV,,,,,,
DVIT 13,ACTIVE,CULTIVATED,Bacchus,Vitis hybr.,DAV,,,,,,
DVIT 15,ACTIVE,CULTIVATED,Bailey,Vitis hybr.,DAV,,,,,,
DVIT 19,ACTIVE,CULTIVATED,Black Delaware,Vitis hybr.,DAV,,,,,,
DVIT 21,ACTIVE,CULTIVATED,"Black Giant ""B""",Vitis hybr.,DAV,,,,,,
DVIT 3412,ACTIVE,WILD,TX2006-12-1,Vitis mustangensis,DAV,,,,,,
DVIT 3418,ACTIVE,WILD,TX2006-44-1,Vitis mustangensis,DAV,,,,,,
DVIT 3420,ACTIVE,WILD,TX2006-47-1,Vitis mustangensis,DAV,,,,,,
DVIT 3422,ACTIVE,WILD,TX2006-50-1,Vitis mustangensis,DAV,,,,,,
DVIT 3428,ACTIVE,WILD,TX2006-55-3,Vitis mustangensis,DAV,,,,,,
DVIT 3430,ACTIVE,WILD,TX2006-56-3,Vitis mustangensis,DAV,,,,,,
DVIT 3437,ACTIVE,UNCERTAIN,TX2006-40-2,Vitis hybr.,DAV,,,,,,
DVIT 3497,ACTIVE,WILD,AL2006-2-2,Vitis mustangensis,DAV,,,,,,
DVIT 3560,ACTIVE,UNCERTAIN,Remaily 40-62-1,Vitis hybr.,DAV,,,,,,
DVIT 3562,ACTIVE,UNCERTAIN,Remaily V #1,Vitis hybr.,DAV,,,,,,
DVIT 3564,ACTIVE,UNCERTAIN,Remaily V #57,Vitis hybr.,DAV,,,,,,
DVIT 3577,ACTIVE,WILD,FL2006-06-3,Vitis shuttleworthii,DAV,,,,,,
DVIT 3694,ACTIVE,UNCERTAIN,Moldova,Vitis hybr.,DAV,,,,,,
DVIT 3700,ACTIVE,,Jales,Vitis hybr.,DAV,,,,,,
DVIT 3709,ACTIVE,,101-14 Mgt,Vitis hybr.,DAV,,,,,,
DVIT 3716,ACTIVE,,TX 07-08,Vitis hybr.,DAV,,,,,,
DVIT 8033,ACTIVE,CULTIVAR,Champanel,Vitis hybr.,DAV,,,,,,
DVIT 8177,ACTIVE,CULTIVAR,Thomcord,Vitis hybr.,DAV,,,,,,
DVIT 6,ACTIVE,CULTIVATED,Amber,Vitis hybr.,DAV,,,,,,
DVIT 12,ACTIVE,CULTIVATED,August Giant,Vitis hybr.,DAV,,,,,,
DVIT 14,ACTIVE,CULTIVATED,Bachman's Early,Vitis hybr.,DAV,,,,,,
DVIT 33,ACTIVE,CULTIVATED,Clevener,Vitis hybr.,DAV,,,,,,
DVIT 37,ACTIVE,CULTIVATED,Columbian,Vitis hybr.,DAV,,,,,,
DVIT 48,ACTIVE,CULTIVATED,Lenoir Jaquez,Vitis hybr.,DAV,,,,,,
DVIT 49,ACTIVE,CULTIVATED,Early Niabell,Vitis hybr.,DAV,,,,,,
DVIT 56,ACTIVE,CULTIVATED,"Flaming Giant ""A""",Vitis hybr.,DAV,,,,,,
DVIT 58,ACTIVE,CULTIVATED,Gaertner,Vitis hybr.,DAV,,,,,,
DVIT 59,ACTIVE,CULTIVATED,Gasconade,Vitis hybr.,DAV,,,,,,
DVIT 71,ACTIVE,CULTIVATED,Honey Dew,Vitis labrusca,DAV,,,,,,
DVIT 78,ACTIVE,CULTIVATED,Janesville,Vitis hybr.,DAV,,,,,,
DVIT 79,ACTIVE,CULTIVATED,Jerusalem,Vitis hybr.,DAV,,,,,,
DVIT 89,ACTIVE,CULTIVATED,Last Rose,Vitis hybr.,DAV,,,,,,
DVIT 108,ACTIVE,CULTIVATED,Mrs. Munson,Vitis hybr.,DAV,,,,,,
DVIT 113,ACTIVE,CULTIVATED,Niabell,Vitis hybr.,DAV,,,,,,
